stock,seed,model,strategy,test_signature,model_mse,naive_mse,delta_mse,relative_mse_improvement_pct,model_mae,naive_mae,delta_mae,relative_mae_improvement_pct,model_source_file,naive_source_file
NVDA,42,Shared-target JEPA--MAE,random,09153d935a7c9a4488bb,0.002560990937467592,0.0019788274472474546,0.0005821634902201372,-29.419618725721918,0.04082503349422232,0.03576570404203314,0.005059329452189176,-14.145756633906242,results/top10_with_sentiment_jepa_lam_1_mae_lam_3/random/NVDA/seed_42/last_model_comparison_20260825_103625.csv,results/top10_with_sentiment_jepa_lam_1_mae_lam_3/random/NVDA/seed_42/last_model_comparison_20260825_103625.csv
NVDA,46,Shared-target JEPA--MAE,random,09153d935a7c9a4488bb,0.002723235434162412,0.0019788274472474546,0.0007444079869149572,-37.61864067280992,0.04197653132539831,0.03576570404203314,0.006210827283365167,-17.36531532013456,results/top10_with_sentiment_jepa_lam_1_mae_lam_3/random/NVDA/seed_46/last_model_comparison_20260825_104044.csv,results/top10_with_sentiment_jepa_lam_1_mae_lam_3/random/NVDA/seed_46/last_model_comparison_20260825_104044.csv
NVDA,50,Shared-target JEPA--MAE,random,09153d935a7c9a4488bb,0.0026632216771956554,0.0019788274472474546,0.0006843942299482007,-34.58584683066691,0.041633953673667026,0.03576570404203314,0.005868249631633883,-16.407476907870468,results/top10_with_sentiment_jepa_lam_1_mae_lam_3/random/NVDA/seed_50/last_model_comparison_20260825_104505.csv,results/top10_with_sentiment_jepa_lam_1_mae_lam_3/random/NVDA/seed_50/last_model_comparison_20260825_104505.csv
AVGO,42,Shared-target JEPA--MAE,random,0574650739836f4c963d,0.006454450037956409,0.00301088671668516,0.0034435633212712494,-114.37040464486306,0.05851975360787229,0.03984621198553788,0.018673541622334408,-46.864032217446265,results/top10_with_sentiment_jepa_lam_1_mae_lam_3/random/AVGO/seed_42/last_model_comparison_20260825_104926.csv,results/top10_with_sentiment_jepa_lam_1_mae_lam_3/random/AVGO/seed_42/last_model_comparison_20260825_104926.csv
AVGO,46,Shared-target JEPA--MAE,random,0574650739836f4c963d,0.006206269830133214,0.00301088671668516,0.0031953831134480543,-106.12764325341392,0.0583645583718623,0.03984621198553788,0.018518346386324422,-46.474546672204696,results/top10_with_sentiment_jepa_lam_1_mae_lam_3/random/AVGO/seed_46/last_model_comparison_20260825_105344.csv,results/top10_with_sentiment_jepa_lam_1_mae_lam_3/random/AVGO/seed_46/last_model_comparison_20260825_105344.csv
AVGO,50,Shared-target JEPA--MAE,random,0574650739836f4c963d,0.006852652780728343,0.00301088671668516,0.003841766064043183,-127.59583556410853,0.06067548082455208,0.03984621198553788,0.020829268839014203,-52.274150543028156,results/top10_with_sentiment_jepa_lam_1_mae_lam_3/random/AVGO/seed_50/last_model_comparison_20260825_105804.csv,results/top10_with_sentiment_jepa_lam_1_mae_lam_3/random/AVGO/seed_50/last_model_comparison_20260825_105804.csv
COST,42,Shared-target JEPA--MAE,random,334d0ea0f0e53790e465,0.0006082327458580882,0.0004076389606742177,0.0002005937851838705,-49.208688210787514,0.018529556898743298,0.014902843613373599,0.0036267132853696985,-24.33571323338009,results/top10_with_sentiment_jepa_lam_1_mae_lam_3/random/COST/seed_42/last_model_comparison_20260825_110226.csv,results/top10_with_sentiment_jepa_lam_1_mae_lam_3/random/COST/seed_42/last_model_comparison_20260825_110226.csv
COST,46,Shared-target JEPA--MAE,random,334d0ea0f0e53790e465,0.0005473438071105214,0.0004076389606742177,0.0001397048464363037,-34.27171097807672,0.01835512016703815,0.014902843613373599,0.0034522765536645506,-23.165220297732485,results/top10_with_sentiment_jepa_lam_1_mae_lam_3/random/COST/seed_46/last_model_comparison_20260825_110644.csv,results/top10_with_sentiment_jepa_lam_1_mae_lam_3/random/COST/seed_46/last_model_comparison_20260825_110644.csv
COST,50,Shared-target JEPA--MAE,random,334d0ea0f0e53790e465,0.0005348477675401913,0.0004076389606742177,0.00012720880686597363,-31.206243548353577,0.01765528527505106,0.014902843613373599,0.0027524416616774624,-18.46923803996346,results/top10_with_sentiment_jepa_lam_1_mae_lam_3/random/COST/seed_50/last_model_comparison_20260825_111106.csv,results/top10_with_sentiment_jepa_lam_1_mae_lam_3/random/COST/seed_50/last_model_comparison_20260825_111106.csv
NVDA,42,Local-MAE/Long-JEPA,local_long,09153d935a7c9a4488bb,0.0031478788576564283,0.0019788274472474546,0.0011690514104089737,-59.07798641236365,0.04417094341234157,0.03576570404203314,0.008405239370308425,-23.50083577393104,results/top10_with_sentiment_jepa_lam_1_mae_lam_3/local_long/NVDA/seed_42/last_model_comparison_20260825_103620.csv,results/top10_with_sentiment_jepa_lam_1_mae_lam_3/local_long/NVDA/seed_42/last_model_comparison_20260825_103620.csv
NVDA,46,Local-MAE/Long-JEPA,local_long,09153d935a7c9a4488bb,0.003136138751671116,0.0019788274472474546,0.0011573113044236615,-58.48470042365136,0.04398937774086861,0.03576570404203314,0.00822367369883547,-22.99318276852795,results/top10_with_sentiment_jepa_lam_1_mae_lam_3/local_long/NVDA/seed_46/last_model_comparison_20260825_104041.csv,results/top10_with_sentiment_jepa_lam_1_mae_lam_3/local_long/NVDA/seed_46/last_model_comparison_20260825_104041.csv
NVDA,50,Local-MAE/Long-JEPA,local_long,09153d935a7c9a4488bb,0.0039269359906714315,0.0019788274472474546,0.0019481085434239769,-98.44762089457534,0.04851068273235701,0.03576570404203314,0.012744978690323865,-35.634636676928004,results/top10_with_sentiment_jepa_lam_1_mae_lam_3/local_long/NVDA/seed_50/last_model_comparison_20260825_104504.csv,results/top10_with_sentiment_jepa_lam_1_mae_lam_3/local_long/NVDA/seed_50/last_model_comparison_20260825_104504.csv
AVGO,42,Local-MAE/Long-JEPA,local_long,0574650739836f4c963d,0.004040328998310749,0.00301088671668516,0.0010294422816255894,-34.190668015532495,0.048902932598598695,0.03984621198553788,0.009056720613060815,-22.729188451710133,results/top10_with_sentiment_jepa_lam_1_mae_lam_3/local_long/AVGO/seed_42/last_model_comparison_20260825_104923.csv,results/top10_with_sentiment_jepa_lam_1_mae_lam_3/local_long/AVGO/seed_42/last_model_comparison_20260825_104923.csv
AVGO,46,Local-MAE/Long-JEPA,local_long,0574650739836f4c963d,0.008026486549835555,0.00301088671668516,0.005015599833150395,-166.58215021361968,0.06153408257094653,0.03984621198553788,0.02168787058540865,-54.42893942661408,results/top10_with_sentiment_jepa_lam_1_mae_lam_3/local_long/AVGO/seed_46/last_model_comparison_20260825_105342.csv,results/top10_with_sentiment_jepa_lam_1_mae_lam_3/local_long/AVGO/seed_46/last_model_comparison_20260825_105342.csv
AVGO,50,Local-MAE/Long-JEPA,local_long,0574650739836f4c963d,0.005897351758938049,0.00301088671668516,0.002886465042252889,-95.86760691650156,0.05767141347383394,0.03984621198553788,0.017825201488296062,-44.73499637748675,results/top10_with_sentiment_jepa_lam_1_mae_lam_3/local_long/AVGO/seed_50/last_model_comparison_20260825_105802.csv,results/top10_with_sentiment_jepa_lam_1_mae_lam_3/local_long/AVGO/seed_50/last_model_comparison_20260825_105802.csv
COST,42,Local-MAE/Long-JEPA,local_long,334d0ea0f0e53790e465,0.0005832333076591785,0.0004076389606742177,0.00017559434698496078,-43.075948063093655,0.019231812197004285,0.014902843613373599,0.004328968583630686,-29.04793672897387,results/top10_with_sentiment_jepa_lam_1_mae_lam_3/local_long/COST/seed_42/last_model_comparison_20260825_110221.csv,results/top10_with_sentiment_jepa_lam_1_mae_lam_3/local_long/COST/seed_42/last_model_comparison_20260825_110221.csv
COST,46,Local-MAE/Long-JEPA,local_long,334d0ea0f0e53790e465,0.0005939640954511808,0.0004076389606742177,0.00018632513477696312,-45.70837254338721,0.018844511363606296,0.014902843613373599,0.0039416677502326965,-26.449098255956333,results/top10_with_sentiment_jepa_lam_1_mae_lam_3/local_long/COST/seed_46/last_model_comparison_20260825_110643.csv,results/top10_with_sentiment_jepa_lam_1_mae_lam_3/local_long/COST/seed_46/last_model_comparison_20260825_110643.csv
COST,50,Local-MAE/Long-JEPA,local_long,334d0ea0f0e53790e465,0.0005289974524823193,0.0004076389606742177,0.00012135849180810163,-29.771072815851504,0.018017070389989946,0.014902843613373599,0.003114226776616347,-20.89686275592186,results/top10_with_sentiment_jepa_lam_1_mae_lam_3/local_long/COST/seed_50/last_model_comparison_20260825_111102.csv,results/top10_with_sentiment_jepa_lam_1_mae_lam_3/local_long/COST/seed_50/last_model_comparison_20260825_111102.csv
NVDA,42,GRU,random,09153d935a7c9a4488bb,0.0025212184376895287,0.0019788274472474546,0.0005423909904420741,-27.40971635483119,0.04122957565674657,0.03576570404203314,0.005463871614713428,-15.276846244357694,results/top10_with_sentiment_jepa_lam_1_mae_lam_3/random/NVDA/seed_42/last_model_comparison_20260825_103625.csv,results/top10_with_sentiment_jepa_lam_1_mae_lam_3/random/NVDA/seed_42/last_model_comparison_20260825_103625.csv
NVDA,46,GRU,random,09153d935a7c9a4488bb,0.004989928674228829,0.0019788274472474546,0.0030111012269813746,-152.1659319598488,0.05382131433702613,0.03576570404203314,0.018055610294992988,-50.483027745723625,results/top10_with_sentiment_jepa_lam_1_mae_lam_3/random/NVDA/seed_46/last_model_comparison_20260825_104044.csv,results/top10_with_sentiment_jepa_lam_1_mae_lam_3/random/NVDA/seed_46/last_model_comparison_20260825_104044.csv
NVDA,50,GRU,random,09153d935a7c9a4488bb,0.0038216788506052093,0.0019788274472474546,0.0018428514033577547,-93.12845371743543,0.050665402333987385,0.03576570404203314,0.014899698291954241,-41.65917795003722,results/top10_with_sentiment_jepa_lam_1_mae_lam_3/random/NVDA/seed_50/last_model_comparison_20260825_104505.csv,results/top10_with_sentiment_jepa_lam_1_mae_lam_3/random/NVDA/seed_50/last_model_comparison_20260825_104505.csv
AVGO,42,GRU,random,0574650739836f4c963d,0.003785284815658133,0.00301088671668516,0.000774398098972973,-25.719934751498975,0.04912275838616647,0.03984621198553788,0.00927654640062859,-23.2808739862035,results/top10_with_sentiment_jepa_lam_1_mae_lam_3/random/AVGO/seed_42/last_model_comparison_20260825_104926.csv,results/top10_with_sentiment_jepa_lam_1_mae_lam_3/random/AVGO/seed_42/last_model_comparison_20260825_104926.csv
AVGO,46,GRU,random,0574650739836f4c963d,0.0034868187883314934,0.00301088671668516,0.0004759320716463335,-15.807040132360461,0.045792493782937524,0.03984621198553788,0.005946281797399644,-14.923079261732175,results/top10_with_sentiment_jepa_lam_1_mae_lam_3/random/AVGO/seed_46/last_model_comparison_20260825_105344.csv,results/top10_with_sentiment_jepa_lam_1_mae_lam_3/random/AVGO/seed_46/last_model_comparison_20260825_105344.csv
AVGO,50,GRU,random,0574650739836f4c963d,0.003536001098748217,0.00301088671668516,0.0005251143820630571,-17.440522725517305,0.046114807242625636,0.03984621198553788,0.006268595257087756,-15.731972864479395,results/top10_with_sentiment_jepa_lam_1_mae_lam_3/random/AVGO/seed_50/last_model_comparison_20260825_105804.csv,results/top10_with_sentiment_jepa_lam_1_mae_lam_3/random/AVGO/seed_50/last_model_comparison_20260825_105804.csv
COST,42,GRU,random,334d0ea0f0e53790e465,0.0005618323167947308,0.0004076389606742177,0.00015419335612051313,-37.82596145017243,0.01881156661792804,0.014902843613373599,0.003908723004554441,-26.22803476946379,results/top10_with_sentiment_jepa_lam_1_mae_lam_3/random/COST/seed_42/last_model_comparison_20260825_110226.csv,results/top10_with_sentiment_jepa_lam_1_mae_lam_3/random/COST/seed_42/last_model_comparison_20260825_110226.csv
COST,46,GRU,random,334d0ea0f0e53790e465,0.000531287645837491,0.0004076389606742177,0.0001236486851632733,-30.332891870483525,0.018550356046149595,0.014902843613373599,0.003647512432775996,-24.475278191222316,results/top10_with_sentiment_jepa_lam_1_mae_lam_3/random/COST/seed_46/last_model_comparison_20260825_110644.csv,results/top10_with_sentiment_jepa_lam_1_mae_lam_3/random/COST/seed_46/last_model_comparison_20260825_110644.csv
COST,50,GRU,random,334d0ea0f0e53790e465,0.000512010562233531,0.0004076389606742177,0.00010437160155931334,-25.603931819148766,0.018114303072032163,0.014902843613373599,0.003211459458658564,-21.549306575133397,results/top10_with_sentiment_jepa_lam_1_mae_lam_3/random/COST/seed_50/last_model_comparison_20260825_111106.csv,results/top10_with_sentiment_jepa_lam_1_mae_lam_3/random/COST/seed_50/last_model_comparison_20260825_111106.csv
NVDA,42,Drift,random,09153d935a7c9a4488bb,0.002022954448626363,0.0019788274472474546,4.4127001378908414e-05,-2.2299570101622046,0.03561491650333139,0.03576570404203314,-0.00015078753870175626,0.4215981279846898,results/top10_with_sentiment_jepa_lam_1_mae_lam_3/random/NVDA/seed_42/last_model_comparison_20260825_103625.csv,results/top10_with_sentiment_jepa_lam_1_mae_lam_3/random/NVDA/seed_42/last_model_comparison_20260825_103625.csv
NVDA,46,Drift,random,09153d935a7c9a4488bb,0.002022954448626363,0.0019788274472474546,4.4127001378908414e-05,-2.2299570101622046,0.03561491650333139,0.03576570404203314,-0.00015078753870175626,0.4215981279846898,results/top10_with_sentiment_jepa_lam_1_mae_lam_3/random/NVDA/seed_46/last_model_comparison_20260825_104044.csv,results/top10_with_sentiment_jepa_lam_1_mae_lam_3/random/NVDA/seed_46/last_model_comparison_20260825_104044.csv
NVDA,50,Drift,random,09153d935a7c9a4488bb,0.002022954448626363,0.0019788274472474546,4.4127001378908414e-05,-2.2299570101622046,0.03561491650333139,0.03576570404203314,-0.00015078753870175626,0.4215981279846898,results/top10_with_sentiment_jepa_lam_1_mae_lam_3/random/NVDA/seed_50/last_model_comparison_20260825_104505.csv,results/top10_with_sentiment_jepa_lam_1_mae_lam_3/random/NVDA/seed_50/last_model_comparison_20260825_104505.csv
AVGO,42,Drift,random,0574650739836f4c963d,0.003206176350828088,0.00301088671668516,0.00019528963414292824,-6.4861169655008695,0.040613234099490865,0.03984621198553788,0.0007670221139529851,-1.9249561645442597,results/top10_with_sentiment_jepa_lam_1_mae_lam_3/random/AVGO/seed_42/last_model_comparison_20260825_104926.csv,results/top10_with_sentiment_jepa_lam_1_mae_lam_3/random/AVGO/seed_42/last_model_comparison_20260825_104926.csv
AVGO,46,Drift,random,0574650739836f4c963d,0.003206176350828088,0.00301088671668516,0.00019528963414292824,-6.4861169655008695,0.040613234099490865,0.03984621198553788,0.0007670221139529851,-1.9249561645442597,results/top10_with_sentiment_jepa_lam_1_mae_lam_3/random/AVGO/seed_46/last_model_comparison_20260825_105344.csv,results/top10_with_sentiment_jepa_lam_1_mae_lam_3/random/AVGO/seed_46/last_model_comparison_20260825_105344.csv
AVGO,50,Drift,random,0574650739836f4c963d,0.003206176350828088,0.00301088671668516,0.00019528963414292824,-6.4861169655008695,0.040613234099490865,0.03984621198553788,0.0007670221139529851,-1.9249561645442597,results/top10_with_sentiment_jepa_lam_1_mae_lam_3/random/AVGO/seed_50/last_model_comparison_20260825_105804.csv,results/top10_with_sentiment_jepa_lam_1_mae_lam_3/random/AVGO/seed_50/last_model_comparison_20260825_105804.csv
COST,42,Drift,random,334d0ea0f0e53790e465,0.00045113086603079433,0.0004076389606742177,4.349190535657665e-05,-10.669221922419503,0.015306078928130617,0.014902843613373599,0.0004032353147570174,-2.7057608951566783,results/top10_with_sentiment_jepa_lam_1_mae_lam_3/random/COST/seed_42/last_model_comparison_20260825_110226.csv,results/top10_with_sentiment_jepa_lam_1_mae_lam_3/random/COST/seed_42/last_model_comparison_20260825_110226.csv
COST,46,Drift,random,334d0ea0f0e53790e465,0.00045113086603079433,0.0004076389606742177,4.349190535657665e-05,-10.669221922419503,0.015306078928130617,0.014902843613373599,0.0004032353147570174,-2.7057608951566783,results/top10_with_sentiment_jepa_lam_1_mae_lam_3/random/COST/seed_46/last_model_comparison_20260825_110644.csv,results/top10_with_sentiment_jepa_lam_1_mae_lam_3/random/COST/seed_46/last_model_comparison_20260825_110644.csv
COST,50,Drift,random,334d0ea0f0e53790e465,0.00045113086603079433,0.0004076389606742177,4.349190535657665e-05,-10.669221922419503,0.015306078928130617,0.014902843613373599,0.0004032353147570174,-2.7057608951566783,results/top10_with_sentiment_jepa_lam_1_mae_lam_3/random/COST/seed_50/last_model_comparison_20260825_111106.csv,results/top10_with_sentiment_jepa_lam_1_mae_lam_3/random/COST/seed_50/last_model_comparison_20260825_111106.csv
NVDA,42,Mean-context,random,09153d935a7c9a4488bb,0.0263182630197257,0.0019788274472474546,0.02433943557247825,-1229.9928225846252,0.12523933760071246,0.03576570404203314,0.08947363355867932,-250.1660066680826,results/top10_with_sentiment_jepa_lam_1_mae_lam_3/random/NVDA/seed_42/last_model_comparison_20260825_103625.csv,results/top10_with_sentiment_jepa_lam_1_mae_lam_3/random/NVDA/seed_42/last_model_comparison_20260825_103625.csv
NVDA,46,Mean-context,random,09153d935a7c9a4488bb,0.0263182630197257,0.0019788274472474546,0.02433943557247825,-1229.9928225846252,0.12523933760071246,0.03576570404203314,0.08947363355867932,-250.1660066680826,results/top10_with_sentiment_jepa_lam_1_mae_lam_3/random/NVDA/seed_46/last_model_comparison_20260825_104044.csv,results/top10_with_sentiment_jepa_lam_1_mae_lam_3/random/NVDA/seed_46/last_model_comparison_20260825_104044.csv
NVDA,50,Mean-context,random,09153d935a7c9a4488bb,0.0263182630197257,0.0019788274472474546,0.02433943557247825,-1229.9928225846252,0.12523933760071246,0.03576570404203314,0.08947363355867932,-250.1660066680826,results/top10_with_sentiment_jepa_lam_1_mae_lam_3/random/NVDA/seed_50/last_model_comparison_20260825_104505.csv,results/top10_with_sentiment_jepa_lam_1_mae_lam_3/random/NVDA/seed_50/last_model_comparison_20260825_104505.csv
AVGO,42,Mean-context,random,0574650739836f4c963d,0.03377415824343458,0.00301088671668516,0.030763271526749417,-1021.7346058312777,0.15762535544896597,0.03984621198553788,0.11777914346342809,-295.5842916917067,results/top10_with_sentiment_jepa_lam_1_mae_lam_3/random/AVGO/seed_42/last_model_comparison_20260825_104926.csv,results/top10_with_sentiment_jepa_lam_1_mae_lam_3/random/AVGO/seed_42/last_model_comparison_20260825_104926.csv
AVGO,46,Mean-context,random,0574650739836f4c963d,0.03377415824343458,0.00301088671668516,0.030763271526749417,-1021.7346058312777,0.15762535544896597,0.03984621198553788,0.11777914346342809,-295.5842916917067,results/top10_with_sentiment_jepa_lam_1_mae_lam_3/random/AVGO/seed_46/last_model_comparison_20260825_105344.csv,results/top10_with_sentiment_jepa_lam_1_mae_lam_3/random/AVGO/seed_46/last_model_comparison_20260825_105344.csv
AVGO,50,Mean-context,random,0574650739836f4c963d,0.03377415824343458,0.00301088671668516,0.030763271526749417,-1021.7346058312777,0.15762535544896597,0.03984621198553788,0.11777914346342809,-295.5842916917067,results/top10_with_sentiment_jepa_lam_1_mae_lam_3/random/AVGO/seed_50/last_model_comparison_20260825_105804.csv,results/top10_with_sentiment_jepa_lam_1_mae_lam_3/random/AVGO/seed_50/last_model_comparison_20260825_105804.csv
COST,42,Mean-context,random,334d0ea0f0e53790e465,0.00121185380508482,0.0004076389606742177,0.0008042148444106022,-197.28605996847423,0.028578074432995253,0.014902843613373599,0.013675230819621654,-91.76256004826955,results/top10_with_sentiment_jepa_lam_1_mae_lam_3/random/COST/seed_42/last_model_comparison_20260825_110226.csv,results/top10_with_sentiment_jepa_lam_1_mae_lam_3/random/COST/seed_42/last_model_comparison_20260825_110226.csv
COST,46,Mean-context,random,334d0ea0f0e53790e465,0.00121185380508482,0.0004076389606742177,0.0008042148444106022,-197.28605996847423,0.028578074432995253,0.014902843613373599,0.013675230819621654,-91.76256004826955,results/top10_with_sentiment_jepa_lam_1_mae_lam_3/random/COST/seed_46/last_model_comparison_20260825_110644.csv,results/top10_with_sentiment_jepa_lam_1_mae_lam_3/random/COST/seed_46/last_model_comparison_20260825_110644.csv
COST,50,Mean-context,random,334d0ea0f0e53790e465,0.00121185380508482,0.0004076389606742177,0.0008042148444106022,-197.28605996847423,0.028578074432995253,0.014902843613373599,0.013675230819621654,-91.76256004826955,results/top10_with_sentiment_jepa_lam_1_mae_lam_3/random/COST/seed_50/last_model_comparison_20260825_111106.csv,results/top10_with_sentiment_jepa_lam_1_mae_lam_3/random/COST/seed_50/last_model_comparison_20260825_111106.csv
