forecast_target,rolling_step,horizon_step,target_index,predicted_value,true_value,error,absolute_error,squared_error
relative_return,0,1,0,0.0645703449845314,0.01633143424987793,0.04823891073465347,0.04823891073465347,0.002326992508865866
relative_return,0,2,1,0.08622843772172928,0.018822669982910156,0.06740576773881912,0.06740576773881912,0.004543537524459629
relative_return,0,3,2,-0.04509788751602173,-0.06071227788925171,0.01561439037322998,0.01561439037322998,0.0002438091867276171
relative_return,0,4,3,0.02358761429786682,-0.12982100248336792,0.15340861678123474,0.15340861678123474,0.023534203702731737
relative_return,0,5,4,-0.013793405145406723,-0.09909576177597046,0.08530235290527344,0.08530235290527344,0.007276491411175812
relative_return,1,1,1,0.08410444855690002,-0.01372385025024414,0.09782829880714417,0.09782829880714417,0.009570376047499884
relative_return,1,2,2,0.06975468248128891,0.17093408107757568,-0.10117939859628677,0.10117939859628677,0.010237270700306278
relative_return,1,3,3,-0.021652378141880035,0.1017000675201416,-0.12335244566202164,0.12335244566202164,0.015215825850802
relative_return,1,4,4,0.03626284748315811,0.13611221313476562,-0.09984936565160751,0.09984936565160751,0.009969895821028418
relative_return,1,5,5,0.0014688484370708466,0.1338590383529663,-0.13239018619060516,0.13239018619060516,0.017527161399583102
relative_return,2,1,2,0.05143246054649353,0.013458609580993652,0.03797385096549988,0.03797385096549988,0.001442013357149996
relative_return,2,2,3,0.0700608417391777,-0.056182801723480225,0.12624365091323853,0.12624365091323853,0.01593745939590363
relative_return,2,3,4,0.023858319967985153,-0.08328068256378174,0.10713900625705719,0.10713900625705719,0.01147876666174974
relative_return,2,4,5,0.023746967315673828,-0.12464994192123413,0.14839690923690796,0.14839690923690796,0.0220216426710671
relative_return,2,5,6,-0.06239611282944679,-0.10676544904708862,0.04436933621764183,0.04436933621764183,0.001968637996394143
relative_return,3,1,3,0.07695239037275314,0.03862881660461426,0.038323573768138885,0.038323573768138885,0.001468696306361983
relative_return,3,2,4,0.09173829108476639,0.07624638080596924,0.01549191027879715,0.01549191027879715,0.00023999928408630078
relative_return,3,3,5,-0.03185277804732323,0.12256050109863281,-0.15441328287124634,0.15441328287124634,0.023843461927075538
relative_return,3,4,6,0.012432128190994263,0.09950459003448486,-0.0870724618434906,0.0870724618434906,0.0075816136114861266
relative_return,3,5,7,-0.02324356883764267,0.10243701934814453,-0.1256805956363678,0.1256805956363678,0.015795612119512192
relative_return,4,1,4,0.02801380306482315,-0.0009172558784484863,0.028931058943271637,0.028931058943271637,0.0008370061715790578
relative_return,4,2,5,0.07134784013032913,0.023757100105285645,0.04759074002504349,0.04759074002504349,0.002264878536131276
relative_return,4,3,6,0.026186492294073105,0.05026602745056152,-0.02407953515648842,0.02407953515648842,0.0005798240133525617
relative_return,4,4,7,0.010281812399625778,0.044028639793395996,-0.03374682739377022,0.03374682739377022,0.00113884835914492
relative_return,4,5,8,-0.013506069779396057,0.041460275650024414,-0.05496634542942047,0.05496634542942047,0.0030212991298663727
relative_return,5,1,5,0.009043511003255844,0.031002283096313477,-0.021958772093057632,0.021958772093057632,0.0004821876718348467
relative_return,5,2,6,0.06991005688905716,0.03373265266418457,0.03617740422487259,0.03617740422487259,0.001308804576449829
relative_return,5,3,7,0.010604407638311386,0.02739119529724121,-0.016786787658929825,0.016786787658929825,0.00028179623990599867
relative_return,5,4,8,0.01203545555472374,0.08331859111785889,-0.07128313183784485,0.07128313183784485,0.00508128488461157
relative_return,5,5,9,-0.027788642793893814,0.14435434341430664,-0.17214298248291016,0.17214298248291016,0.029633206418111513
relative_return,6,1,6,0.012402940541505814,0.04163777828216553,-0.029234837740659714,0.029234837740659714,0.0008546757377227016
relative_return,6,2,7,0.07435993105173111,0.037712693214416504,0.036647237837314606,0.036647237837314606,0.0013430200411047033
relative_return,6,3,8,-0.01676899567246437,0.042099595069885254,-0.058868590742349625,0.058868590742349625,0.003465510975990252
relative_return,6,4,9,0.039270542562007904,0.04340815544128418,-0.004137612879276276,0.004137612879276276,1.7119840338752912e-05
relative_return,6,5,10,-0.03280031681060791,0.034249305725097656,-0.06704962253570557,0.06704962253570557,0.004495651882180596
relative_return,7,1,7,0.02225092425942421,-0.01919931173324585,0.04145023599267006,0.04145023599267006,0.0017181220638480404
relative_return,7,2,8,0.03452557325363159,-0.011534452438354492,0.046060025691986084,0.046060025691986084,0.002121525966746418
relative_return,7,3,9,0.03150217607617378,-0.022994577884674072,0.054496753960847855,0.054496753960847855,0.0029698961922691863
relative_return,7,4,10,0.003249242901802063,0.008334517478942871,-0.005085274577140808,0.005085274577140808,2.5860017524914625e-05
relative_return,7,5,11,-0.008542045950889587,0.0031998157501220703,-0.011741861701011658,0.011741861701011658,0.00013787131620568438
relative_return,8,1,8,0.014597631990909576,0.03249025344848633,-0.01789262145757675,0.01789262145757675,0.000320145902624136
relative_return,8,2,9,0.05641037970781326,0.002373814582824707,0.054036565124988556,0.054036565124988556,0.0029199503705071295
relative_return,8,3,10,-0.012973092496395111,0.019063949584960938,-0.03203704208135605,0.03203704208135605,0.0010263720653225783
relative_return,8,4,11,0.05189795792102814,0.04754841327667236,0.004349544644355774,0.004349544644355774,1.8918538613243996e-05
relative_return,8,5,12,0.022998306900262833,0.05274093151092529,-0.02974262461066246,0.02974262461066246,0.0008846237187307843
relative_return,9,1,9,0.023310329765081406,-0.013599157333374023,0.03690948709845543,0.03690948709845543,0.0013623102378710478
relative_return,9,2,10,0.06241179257631302,-0.0014092326164245605,0.06382102519273758,0.06382102519273758,0.004073123256652045
relative_return,9,3,11,-0.008862443268299103,0.005002856254577637,-0.01386529952287674,0.01386529952287674,0.00019224653085908594
relative_return,9,4,12,0.030903849750757217,0.014374375343322754,0.016529474407434464,0.016529474407434464,0.0002732235241860309
relative_return,9,5,13,0.022408252581954002,0.006412148475646973,0.01599610410630703,0.01599610410630703,0.0002558753465798126
relative_return,10,1,10,0.02099352702498436,0.015192866325378418,0.005800660699605942,0.005800660699605942,3.3647664551952894e-05
relative_return,10,2,11,0.04094040393829346,-0.00602114200592041,0.04696154594421387,0.04696154594421387,0.00220538679747051
relative_return,10,3,12,0.0032942630350589752,0.013022422790527344,-0.009728159755468369,0.009728159755468369,9.463709222791439e-05
relative_return,10,4,13,0.03373800963163376,0.00903165340423584,0.02470635622739792,0.02470635622739792,0.0006104040380350839
relative_return,10,5,14,0.02966912090778351,0.018553495407104492,0.011115625500679016,0.011115625500679016,0.00012355713027134563
relative_return,11,1,11,0.027329351752996445,-0.011204242706298828,0.03853359445929527,0.03853359445929527,0.0014848379019534313
relative_return,11,2,12,0.04743814468383789,-0.009004652500152588,0.05644279718399048,0.05644279718399048,0.0031857893539530835
relative_return,11,3,13,-0.019642405211925507,0.016634583473205566,-0.03627698868513107,0.03627698868513107,0.001316019908061128
relative_return,11,4,14,0.03935947269201279,0.060695648193359375,-0.021336175501346588,0.021336175501346588,0.00045523238502426233
relative_return,11,5,15,0.03274654969573021,0.06557607650756836,-0.03282952681183815,0.03282952681183815,0.0010777778306892
relative_return,12,1,12,0.023561034351587296,0.017610549926757812,0.005950484424829483,0.005950484424829483,3.5408264890138264e-05
relative_return,12,2,13,0.05816483497619629,0.01915884017944336,0.03900599479675293,0.03900599479675293,0.0015214676300843166
relative_return,12,3,14,0.000593826174736023,-0.01109534502029419,0.011689171195030212,0.011689171195030212,0.00013663672322672404
relative_return,12,4,15,0.02925712615251541,0.014385223388671875,0.014871902763843536,0.014871902763843536,0.00022117349181721702
relative_return,12,5,16,0.032074224203825,0.02786731719970703,0.004206907004117966,0.004206907004117966,1.7698066541296797e-05
relative_return,13,1,13,0.026961833238601685,-0.006903409957885742,0.03386524319648743,0.03386524319648743,0.001146854696757238
relative_return,13,2,14,0.03858691453933716,0.004142165184020996,0.03444474935531616,0.03444474935531616,0.0011864407581505532
relative_return,13,3,15,-0.0013807043433189392,0.02221667766571045,-0.02359738200902939,0.02359738200902939,0.0005568364376800639
relative_return,13,4,16,0.000868137925863266,0.029873251914978027,-0.02900511398911476,0.02900511398911476,0.0008412966375215408
relative_return,13,5,17,0.03292051702737808,0.035019516944885254,-0.0020989999175071716,0.0020989999175071716,4.405800653695113e-06
relative_return,14,1,14,0.03514453396201134,-0.005153954029083252,0.04029848799109459,0.04029848799109459,0.0016239681343683948
relative_return,14,2,15,0.043975770473480225,0.035047292709350586,0.008928477764129639,0.008928477764129639,7.971771518455739e-05
relative_return,14,3,16,-0.012744426727294922,0.03910982608795166,-0.05185425281524658,0.05185425281524658,0.002688863535027508
relative_return,14,4,17,0.028144268319010735,0.048993468284606934,-0.0208491999655962,0.0208491999655962,0.00043468913920541655
relative_return,14,5,18,0.02197333797812462,0.04541599750518799,-0.02344265952706337,0.02344265952706337,0.000549558285701815
relative_return,15,1,15,0.03677578270435333,-0.005974113941192627,0.04274989664554596,0.04274989664554596,0.0018275536632048617
relative_return,15,2,16,0.04570886492729187,-0.031204700469970703,0.07691356539726257,0.07691356539726257,0.005915696542118987
relative_return,15,3,17,-0.011438429355621338,-0.00945425033569336,-0.0019841790199279785,0.0019841790199279785,3.936966383122353e-06
relative_return,15,4,18,0.030061738565564156,0.0077141523361206055,0.02234758622944355,0.02234758622944355,0.000499414610282415
relative_return,15,5,19,0.008790784515440464,0.006322145462036133,0.002468639053404331,0.002468639053404331,6.0941787759930324e-06
relative_return,16,1,16,0.03353525325655937,0.01873195171356201,0.01480330154299736,0.01480330154299736,0.00021913773657290803
relative_return,16,2,17,0.058519408106803894,0.011584997177124023,0.04693441092967987,0.04693441092967987,0.0022028389293160533
relative_return,16,3,18,-0.03616142272949219,0.03325653076171875,-0.06941795349121094,0.06941795349121094,0.004818852266907925
relative_return,16,4,19,0.016358593478798866,0.025187253952026367,-0.008828660473227501,0.008828660473227501,7.794524575152964e-05
relative_return,16,5,20,0.032981764525175095,0.0012680292129516602,0.031713735312223434,0.031713735312223434,0.0010057610074537676
relative_return,17,1,17,0.040283143520355225,0.03615009784698486,0.004133045673370361,0.004133045673370361,1.7082066538165463e-05
relative_return,17,2,18,0.036412522196769714,0.026134014129638672,0.010278508067131042,0.010278508067131042,0.00010564772808607792
relative_return,17,3,19,-0.020301401615142822,0.03281140327453613,-0.053112804889678955,0.053112804889678955,0.0028209700432491047
relative_return,17,4,20,0.008281070739030838,0.04058253765106201,-0.032301466912031174,0.032301466912031174,0.0010433847646690447
relative_return,17,5,21,0.03176747262477875,0.05169236660003662,-0.019924893975257874,0.019924893975257874,0.0003970013999252675
relative_return,18,1,18,0.041867922991514206,-0.0035030245780944824,0.04537094756960869,0.04537094756960869,0.0020585228833641805
relative_return,18,2,19,0.054571732878685,0.0025178194046020508,0.05205391347408295,0.05205391347408295,0.002709609907967314
relative_return,18,3,20,-0.025249645113945007,-0.006075561046600342,-0.019174084067344666,0.019174084067344666,0.00036764549982160055
relative_return,18,4,21,0.005018973723053932,-0.003721892833709717,0.008740866556763649,0.008740866556763649,7.640274816314921e-05
relative_return,18,5,22,0.025224514305591583,-0.01231527328491211,0.03753978759050369,0.03753978759050369,0.001409235652340135
relative_return,19,1,19,0.05201534554362297,0.008645057678222656,0.043370287865400314,0.043370287865400314,0.0018809818695276898
relative_return,19,2,20,0.04726266860961914,-0.02665555477142334,0.07391822338104248,0.07391822338104248,0.005463903747809695
relative_return,19,3,21,-0.027994148433208466,-0.02798563241958618,-8.516013622283936e-06,8.516013622283936e-06,7.252248801492556e-11
relative_return,19,4,22,0.0009411592036485672,-0.03031313419342041,0.03125429153442383,0.03125429153442383,0.000976830739318757
relative_return,19,5,23,0.022160056978464127,-0.013632535934448242,0.03579259291291237,0.03579259291291237,0.0012811097074294647
relative_return,20,1,20,0.05785829573869705,0.010225296020507812,0.04763299971818924,0.04763299971818924,0.002268902662153016
relative_return,20,2,21,0.06247568130493164,0.02123713493347168,0.04123854637145996,0.04123854637145996,0.0017006177068310535
relative_return,20,3,22,-0.05277636647224426,0.02028203010559082,-0.07305839657783508,0.07305839657783508,0.005337529310524225
relative_return,20,4,23,-0.00018901750445365906,0.012247800827026367,-0.012436818331480026,0.012436818331480026,0.00015467445021023762
relative_return,20,5,24,0.0283246710896492,-0.02140575647354126,0.04973042756319046,0.04973042756319046,0.0024731154256177335
relative_return,21,1,21,0.06816860288381577,-0.01951998472213745,0.08768858760595322,0.08768858760595322,0.007689288396326932
relative_return,21,2,22,0.04991292953491211,-0.02043861150741577,0.07035154104232788,0.07035154104232788,0.004949339327030344
relative_return,21,3,23,-0.028986871242523193,-0.014467716217041016,-0.014519155025482178,0.014519155025482178,0.00021080586265398438
relative_return,21,4,24,-0.0015875622630119324,-0.04110682010650635,0.039519257843494415,0.039519257843494415,0.0015617717405005949
relative_return,21,5,25,0.014845412224531174,-0.033700764179229736,0.04854617640376091,0.04854617640376091,0.0023567312434250726
relative_return,22,1,22,0.05854478105902672,0.014556407928466797,0.04398837313055992,0.04398837313055992,0.001934976970673366
relative_return,22,2,23,0.06917920708656311,0.05359160900115967,0.015587598085403442,0.015587598085403442,0.00024297321407207306
relative_return,22,3,24,-0.04542473703622818,0.05264091491699219,-0.09806565195322037,0.09806565195322037,0.009616872093010154
relative_return,22,4,25,0.0073067806661129,0.05650293827056885,-0.04919615760445595,0.04919615760445595,0.002420261923042469
relative_return,22,5,26,0.013040633872151375,0.05608701705932617,-0.043046385049819946,0.043046385049819946,0.0018529912658573622
relative_return,23,1,23,0.06157316640019417,-0.01614624261856079,0.07771940529346466,0.07771940529346466,0.006040305959169823
relative_return,23,2,24,0.06878606975078583,-0.041969120502471924,0.11075519025325775,0.11075519025325775,0.01226671216803532
relative_return,23,3,25,-0.034804075956344604,-0.008495032787322998,-0.026309043169021606,0.026309043169021606,0.0006921657524694425
relative_return,23,4,26,-0.0030258148908615112,-0.0060759782791137695,0.0030501633882522583,0.0030501633882522583,9.303496695034497e-06
relative_return,23,5,27,-0.018901491537690163,0.03296768665313721,-0.05186917632818222,0.05186917632818222,0.002690411452964059
relative_return,24,1,24,0.06743364036083221,-0.028212010860443115,0.09564565122127533,0.09564565122127533,0.009148090597541847
relative_return,24,2,25,0.08492251485586166,-0.03616362810134888,0.12108614295721054,0.12108614295721054,0.014661854016254028
relative_return,24,3,26,-0.05984931439161301,-0.03224223852157593,-0.02760707587003708,0.02760707587003708,0.0007621506380939835
relative_return,24,4,27,-0.0005214959383010864,-0.029519081115722656,0.02899758517742157,0.02899758517742157,0.0008408599461218191
relative_return,24,5,28,-0.016229331493377686,-0.00958549976348877,-0.006643831729888916,0.006643831729888916,4.4140500055078746e-05
relative_return,25,1,25,0.06488972902297974,0.02601039409637451,0.038879334926605225,0.038879334926605225,0.0015116026843351449
relative_return,25,2,26,0.06912529468536377,0.029639840126037598,0.03948545455932617,0.03948545455932617,0.001559101121756612
relative_return,25,3,27,-0.040438830852508545,0.03871321678161621,-0.07915204763412476,0.07915204763412476,0.006265046644674754
relative_return,25,4,28,-0.020619556307792664,0.03172934055328369,-0.052348896861076355,0.052348896861076355,0.00274040700257161
relative_return,25,5,29,-0.007531940937042236,0.02029132843017578,-0.027823269367218018,0.027823269367218018,0.0007741343182807725
relative_return,26,1,26,0.06613979488611221,-0.002694845199584961,0.06883464008569717,0.06883464008569717,0.004738207675727468
relative_return,26,2,27,0.06453962624073029,0.01924121379852295,0.045298412442207336,0.045298412442207336,0.0020519461697843244
relative_return,26,3,28,-0.029585644602775574,0.03788948059082031,-0.06747512519359589,0.06747512519359589,0.004552892519891438
relative_return,26,4,29,-0.016247674822807312,-0.012827396392822266,-0.0034202784299850464,0.0034202784299850464,1.1698304538620974e-05
relative_return,26,5,30,-0.01720292679965496,0.014983415603637695,-0.032186344265937805,0.032186344265937805,0.0010359607572054674
relative_return,27,1,27,0.06930714845657349,-0.04402083158493042,0.1133279800415039,0.1133279800415039,0.012843231060287508
relative_return,27,2,28,0.05470186471939087,-0.04508286714553833,0.0997847318649292,0.0997847318649292,0.009956992713355817
relative_return,27,3,29,-0.020675674080848694,-0.034568846225738525,0.013893172144889832,0.013893172144889832,0.00019302023224754272
relative_return,27,4,30,-0.008146382868289948,-0.027081608772277832,0.018935225903987885,0.018935225903987885,0.0003585427800350538
relative_return,27,5,31,-0.001874028705060482,-0.03016144037246704,0.028287410736083984,0.028287410736083984,0.0008001776061519195
relative_return,28,1,28,0.05952625721693039,-0.008103370666503906,0.0676296278834343,0.0676296278834343,0.004573766567651794
relative_return,28,2,29,0.07714775204658508,-0.012921571731567383,0.09006932377815247,0.09006932377815247,0.008112483085853661
relative_return,28,3,30,-0.044196903705596924,-0.0026280879974365234,-0.0415688157081604,0.0415688157081604,0.0017279664393790028
relative_return,28,4,31,-0.009963691234588623,0.019820332527160645,-0.029784023761749268,0.029784023761749268,0.000887088071440445
relative_return,28,5,32,0.009763900190591812,0.04845595359802246,-0.03869205340743065,0.03869205340743065,0.0014970749968834657
relative_return,29,1,29,0.05802582949399948,0.04981982707977295,0.008206002414226532,0.008206002414226532,6.733847562229167e-05
relative_return,29,2,30,0.08390139788389206,0.08120524883270264,0.0026961490511894226,0.0026961490511894226,7.269219706229624e-06
relative_return,29,3,31,-0.05160287022590637,0.059533119201660156,-0.11113598942756653,0.11113598942756653,0.01235120814604418
relative_return,29,4,32,-0.005866058170795441,0.057444214820861816,-0.06331027299165726,0.06331027299165726,0.004008190666278166
relative_return,29,5,33,-0.008168905973434448,0.08036971092224121,-0.08853861689567566,0.08853861689567566,0.007839086681799223
relative_return,30,1,30,0.07161874324083328,-0.03958815336227417,0.11120689660310745,0.11120689660310745,0.012366973852094232
relative_return,30,2,31,0.05786609649658203,-0.056409478187561035,0.11427557468414307,0.11427557468414307,0.01305890696939116
relative_return,30,3,32,-0.013418234884738922,-0.09087395668029785,0.07745572179555893,0.07745572179555893,0.005999388838871023
relative_return,30,4,33,-0.0241222083568573,-0.09053564071655273,0.06641343235969543,0.06641343235969543,0.004410743997795841
relative_return,30,5,34,-0.03356616944074631,-0.037848055362701416,0.004281885921955109,0.004281885921955109,1.833454704863735e-05
relative_return,31,1,31,0.07340285181999207,-0.02959054708480835,0.10299339890480042,0.10299339890480042,0.010607640217963343
relative_return,31,2,32,0.07390564680099487,-0.026375293731689453,0.10028094053268433,0.10028094053268433,0.01005626703411977
relative_return,31,3,33,-0.04924406856298447,-0.06124091148376465,0.011996842920780182,0.011996842920780182,0.00014392424006587357
relative_return,31,4,34,-0.011203188449144363,-0.04461193084716797,0.033408742398023605,0.033408742398023605,0.0011161440686175
relative_return,31,5,35,0.011860632337629795,-0.06254708766937256,0.07440771907567978,0.07440771907567978,0.0055365086580452805
relative_return,32,1,32,0.07617922127246857,-0.02808147668838501,0.10426069796085358,0.10426069796085358,0.010870293139284337
relative_return,32,2,33,0.06912228465080261,-0.00042873620986938477,0.069551020860672,0.069551020860672,0.004837344502761631
relative_return,32,3,34,-0.0405658558011055,-0.0319400429725647,-0.008625812828540802,0.008625812828540802,7.440464695301907e-05
relative_return,32,4,35,-0.01523519679903984,-0.041371941566467285,0.026136744767427444,0.026136744767427444,0.0006831294270376459
relative_return,32,5,36,0.01896902173757553,-0.02170419692993164,0.04067321866750717,0.04067321866750717,0.0016543107167748539
relative_return,33,1,33,0.08586330711841583,-0.025910675525665283,0.11177398264408112,0.11177398264408112,0.012493423196119346
relative_return,33,2,34,0.07448455691337585,-0.012544572353363037,0.08702912926673889,0.08702912926673889,0.007574069340926748
relative_return,33,3,35,-0.04413419961929321,-0.030402660369873047,-0.013731539249420166,0.013731539249420166,0.00018855517015836654
relative_return,33,4,36,-0.007594376802444458,-0.014407038688659668,0.00681266188621521,0.00681266188621521,4.641236197588938e-05
relative_return,33,5,37,-0.002113400027155876,-0.005970954895019531,0.003857554867863655,0.003857554867863655,1.4880729558578581e-05
relative_return,34,1,34,0.06990206241607666,-0.010305345058441162,0.08020740747451782,0.08020740747451782,0.006433228213783337
relative_return,34,2,35,0.08869649469852448,0.010580778121948242,0.07811571657657623,0.07811571657657623,0.006102065176271987
relative_return,34,3,36,-0.05111319571733475,0.00523531436920166,-0.05634851008653641,0.05634851008653641,0.0031751545889724953
relative_return,34,4,37,-0.01176036149263382,0.022539377212524414,-0.034299738705158234,0.034299738705158234,0.0011764720752421298
relative_return,34,5,38,-0.013593591749668121,0.019343018531799316,-0.03293661028146744,0.03293661028146744,0.0010848202968332665
relative_return,35,1,35,0.07334291189908981,-0.0064334869384765625,0.07977639883756638,0.07977639883756638,0.006364273811490462
relative_return,35,2,36,0.08474750816822052,-0.02184140682220459,0.10658891499042511,0.10658891499042511,0.01136119679883607
relative_return,35,3,37,-0.033884480595588684,-0.053792476654052734,0.01990799605846405,0.01990799605846405,0.00039632830706382016
relative_return,35,4,38,-0.018570907413959503,-0.04692655801773071,0.02835565060377121,0.02835565060377121,0.0008040429211631506
relative_return,35,5,39,-0.020555198192596436,-0.03919553756713867,0.018640339374542236,0.018640339374542236,0.00034746225199810965
relative_return,36,1,36,0.08018773794174194,-0.038149893283843994,0.11833763122558594,0.11833763122558594,0.014003794964082772
relative_return,36,2,37,0.08601486682891846,-0.02014404535293579,0.10615891218185425,0.10615891218185425,0.011269714635634642
relative_return,36,3,38,-0.048230573534965515,0.018399715423583984,-0.0666302889585495,0.0666302889585495,0.004439595406699803
relative_return,36,4,39,-0.028882376849651337,0.03359222412109375,-0.06247460097074509,0.06247460097074509,0.003903075766453823
relative_return,36,5,40,-0.008675489574670792,0.06465232372283936,-0.07332780957221985,0.07332780957221985,0.005376967656659737
relative_return,37,1,37,0.0681033730506897,-0.003171086311340332,0.07127445936203003,0.07127445936203003,0.00508004855734967
relative_return,37,2,38,0.08308641612529755,0.00697636604309082,0.07611005008220673,0.07611005008220673,0.005792739723516016
relative_return,37,3,39,-0.04181981831789017,-0.005232334136962891,-0.03658748418092728,0.03658748418092728,0.0013386439986896037
relative_return,37,4,40,-0.03044743835926056,-0.008826255798339844,-0.021621182560920715,0.021621182560920715,0.00046747553533266206
relative_return,37,5,41,-0.016871461644768715,-0.014322757720947266,-0.0025487039238214493,0.0025487039238214493,6.495891691302852e-06
relative_return,38,1,38,0.07332801818847656,0.012600541114807129,0.060727477073669434,0.060727477073669434,0.0036878264717330467
relative_return,38,2,39,0.07373988628387451,0.008686304092407227,0.06505358219146729,0.06505358219146729,0.0042319685559419895
relative_return,38,3,40,-0.03500814735889435,0.003967881202697754,-0.0389760285615921,0.0389760285615921,0.0015191308024340433
relative_return,38,4,41,-0.020313501358032227,0.013994693756103516,-0.03430819511413574,0.03430819511413574,0.0011770522519896076
relative_return,38,5,42,-0.02879072166979313,-0.007828474044799805,-0.020962247624993324,0.020962247624993324,0.00043941582549153826
relative_return,39,1,39,0.07472445070743561,-0.000972747802734375,0.07569719851016998,0.07569719851016998,0.005730065862288081
relative_return,39,2,40,0.078640878200531,-0.0005403757095336914,0.0791812539100647,0.0791812539100647,0.006269670970770136
relative_return,39,3,41,-0.04799620062112808,0.004161238670349121,-0.0521574392914772,0.0521574392914772,0.00272039847344413
relative_return,39,4,42,-0.015234891325235367,-0.010268032550811768,-0.004966858774423599,0.004966858774423599,2.46696860850687e-05
relative_return,39,5,43,-0.012734638527035713,0.010862588882446289,-0.023597227409482002,0.023597227409482002,0.0005568291414148087
relative_return,40,1,40,0.07347355782985687,-0.0043839216232299805,0.07785747945308685,0.07785747945308685,0.0060617871067878415
relative_return,40,2,41,0.07610523700714111,-0.048008501529693604,0.12411373853683472,0.12411373853683472,0.015404220093589771
relative_return,40,3,42,-0.050076454877853394,-0.01994115114212036,-0.030135303735733032,0.030135303735733032,0.0009081365312448852
relative_return,40,4,43,-0.012938618659973145,-0.011815071105957031,-0.0011235475540161133,0.0011235475540161133,1.262359106135591e-06
relative_return,40,5,44,-0.0115685248747468,0.0033146142959594727,-0.014883139170706272,0.014883139170706272,0.00022150783157461138
relative_return,41,1,41,0.0697028785943985,-0.00639420747756958,0.07609708607196808,0.07609708607196808,0.005790766508644518
relative_return,41,2,42,0.08871084451675415,0.004529237747192383,0.08418160676956177,0.08418160676956177,0.007086542918305128
relative_return,41,3,43,-0.057619839906692505,0.020514726638793945,-0.07813456654548645,0.07813456654548645,0.00610501048925105
relative_return,41,4,44,-0.025821305811405182,0.025789976119995117,-0.0516112819314003,0.0516112819314003,0.002663724422602487
relative_return,41,5,45,-0.0020592287182807922,0.018436670303344727,-0.02049589902162552,0.02049589902162552,0.0004200818767046699
relative_return,42,1,42,0.06900620460510254,-0.02888089418411255,0.09788709878921509,0.09788709878921509,0.009581884109369554
relative_return,42,2,43,0.07171778380870819,-0.05645376443862915,0.12817154824733734,0.12817154824733734,0.016427945780119524
relative_return,42,3,44,-0.03569120168685913,-0.0886307954788208,0.05293959379196167,0.05293959379196167,0.0028026005908579066
relative_return,42,4,45,-0.013992488384246826,-0.10071676969528198,0.08672428131103516,0.08672428131103516,0.007521100968915562
relative_return,42,5,46,-0.017467442899942398,-0.02992725372314453,0.012459810823202133,0.012459810823202133,0.00015524688574998502
relative_return,43,1,43,0.08019568026065826,0.024971604347229004,0.05522407591342926,0.05522407591342926,0.003049698560492198
relative_return,43,2,44,0.08760402351617813,0.016881465911865234,0.0707225576043129,0.0707225576043129,0.005001680154095356
relative_return,43,3,45,-0.06830155849456787,0.025025606155395508,-0.09332716464996338,0.09332716464996338,0.008709959661601374
relative_return,43,4,46,-0.008185271173715591,0.00825202465057373,-0.016437295824289322,0.016437295824289322,0.0002701846940151992
relative_return,43,5,47,-0.005625871941447258,-0.014023005962371826,0.008397134020924568,0.008397134020924568,7.05118597653688e-05
relative_return,44,1,44,0.08101722598075867,0.011815547943115234,0.06920167803764343,0.06920167803764343,0.004788872243225661
relative_return,44,2,45,0.06996884942054749,0.02828073501586914,0.041688114404678345,0.041688114404678345,0.00173789888261755
relative_return,44,3,46,-0.02997732162475586,0.027843117713928223,-0.05782043933868408,0.05782043933868408,0.0033432032053184457
relative_return,44,4,47,-0.022529222071170807,0.038345932960510254,-0.06087515503168106,0.06087515503168106,0.003705784500131204
relative_return,44,5,48,-0.008710009977221489,0.04780924320220947,-0.05651925504207611,0.05651925504207611,0.003194426190511246
relative_return,45,1,45,0.06858088076114655,0.006786704063415527,0.06179417669773102,0.06179417669773102,0.003818520273750403
relative_return,45,2,46,0.08200317621231079,0.020934462547302246,0.061068713665008545,0.061068713665008545,0.0037293877886988014
relative_return,45,3,47,-0.04389342665672302,-0.03476899862289429,-0.009124428033828735,0.009124428033828735,8.325518694451972e-05
relative_return,45,4,48,-0.007664963603019714,-0.0749673843383789,0.06730242073535919,0.06730242073535919,0.004529615836839307
relative_return,45,5,49,-0.020795876160264015,-0.04735058546066284,0.026554709300398827,0.026554709300398827,0.0007051525860286879
relative_return,46,1,46,0.0992625504732132,-0.013316512107849121,0.11257906258106232,0.11257906258106232,0.012674045331630746
relative_return,46,2,47,0.06322292983531952,0.0030688047409057617,0.06015412509441376,0.06015412509441376,0.003618518765874379
relative_return,46,3,48,-0.03291870653629303,0.004712820053100586,-0.037631526589393616,0.037631526589393616,0.0014161317934482387
relative_return,46,4,49,-0.021440815180540085,-0.025536954402923584,0.004096139222383499,0.004096139222383499,1.6778356529148497e-05
relative_return,46,5,50,-0.008474202826619148,0.0009316205978393555,-0.009405823424458504,0.009405823424458504,8.84695142920923e-05
relative_return,47,1,47,0.07661284506320953,0.011606931686401367,0.06500591337680817,0.06500591337680817,0.004225768773953087
relative_return,47,2,48,0.0741693377494812,0.018505334854125977,0.055664002895355225,0.055664002895355225,0.003098481218334115
relative_return,47,3,49,-0.04631652683019638,0.002682805061340332,-0.04899933189153671,0.04899933189153671,0.0024009345258169668
relative_return,47,4,50,-0.008410640060901642,-0.013139843940734863,0.0047292038798332214,0.0047292038798332214,2.2365369337029595e-05
relative_return,47,5,51,-0.008649034425616264,0.0031207799911499023,-0.011769814416766167,0.011769814416766167,0.0001385285314051167
relative_return,48,1,48,0.08269017934799194,-0.007040739059448242,0.08973091840744019,0.08973091840744019,0.008051637718242688
relative_return,48,2,49,0.07567943632602692,-0.015391349792480469,0.09107078611850739,0.09107078611850739,0.008293888084242917
relative_return,48,3,50,-0.045964568853378296,-0.025433897972106934,-0.020530670881271362,0.020530670881271362,0.0004215084468350838
relative_return,48,4,51,-0.01880204677581787,-0.057417333126068115,0.038615286350250244,0.038615286350250244,0.0014911403399118228
relative_return,48,5,52,-0.021099701523780823,-0.041371047496795654,0.02027134597301483,0.02027134597301483,0.00041092746755766463
relative_return,49,1,49,0.08168727159500122,-0.0025051236152648926,0.08419239521026611,0.08419239521026611,0.00708835941124164
relative_return,49,2,50,0.07740423083305359,0.01730811595916748,0.06009611487388611,0.06009611487388611,0.003611543022935315
relative_return,49,3,51,-0.04555442929267883,-0.025051236152648926,-0.020503193140029907,0.020503193140029907,0.00042038092893736945
relative_return,49,4,52,-0.015145979821681976,-0.04623091220855713,0.031084932386875153,0.031084932386875153,0.0009662730214965998
relative_return,49,5,53,-0.008278384804725647,-0.05961054563522339,0.05133216083049774,0.05133216083049774,0.0026349907355280866
relative_return,50,1,50,0.08493232727050781,0.05588173866271973,0.029050588607788086,0.029050588607788086,0.0008439366984589469
relative_return,50,2,51,0.07540053129196167,0.06405520439147949,0.011345326900482178,0.011345326900482178,0.00012871644247880454
relative_return,50,3,52,-0.042535945773124695,0.07398438453674316,-0.11652033030986786,0.11652033030986786,0.01357698737552071
relative_return,50,4,53,-0.01355636864900589,0.07549798488616943,-0.08905435353517532,0.08905435353517532,0.007930677883567994
relative_return,50,5,54,-0.01069483533501625,0.07828307151794434,-0.08897790312767029,0.08897790312767029,0.007917067244997078
relative_return,51,1,51,0.07084165513515472,0.022346973419189453,0.04849468171596527,0.04849468171596527,0.0023517341547327764
relative_return,51,2,52,0.08333230018615723,0.03262209892272949,0.050710201263427734,0.050710201263427734,0.002571524512177348
relative_return,51,3,53,-0.03978823870420456,0.059124112129211426,-0.09891235083341599,0.09891235083341599,0.009783653147392768
relative_return,51,4,54,-0.027507256716489792,0.06294214725494385,-0.09044940769672394,0.09044940769672394,0.008181095352688184
relative_return,51,5,55,-0.027244169265031815,0.10336887836456299,-0.1306130439043045,0.1306130439043045,0.017059767237947776
relative_return,52,1,52,0.06930242478847504,0.012009620666503906,0.05729280412197113,0.05729280412197113,0.003282465404158552
relative_return,52,2,53,0.07720440626144409,0.009363412857055664,0.06784099340438843,0.06784099340438843,0.004602400386094274
relative_return,52,3,54,-0.028782539069652557,0.02630913257598877,-0.05509167164564133,0.05509167164564133,0.0030350922847111605
relative_return,52,4,55,-0.0320928692817688,0.028242826461791992,-0.06033569574356079,0.06033569574356079,0.0036403961808595398
relative_return,52,5,56,-0.03254397213459015,0.01714932918548584,-0.04969330132007599,0.04969330132007599,0.002469424196087866
relative_return,53,1,53,0.06926783919334412,0.013107895851135254,0.05615994334220886,0.05615994334220886,0.0031539392362001095
relative_return,53,2,54,0.06363359093666077,-0.0012007355690002441,0.06483432650566101,0.06483432650566101,0.004203489893442658
relative_return,53,3,55,-0.020583048462867737,0.04197514057159424,-0.06255818903446198,0.06255818903446198,0.0039135270152714785
relative_return,53,4,56,-0.03478278964757919,0.08370018005371094,-0.11848296970129013,0.11848296970129013,0.014038214109236835
relative_return,53,5,57,-0.012937799096107483,0.0664898157119751,-0.07942761480808258,0.07942761480808258,0.006308745994101139
relative_return,54,1,54,0.06312015652656555,-0.01838904619216919,0.08150920271873474,0.08150920271873474,0.006643750127843795
relative_return,54,2,55,0.07022087275981903,-0.06379878520965576,0.1340196579694748,0.1340196579694748,0.017961268722255008
relative_return,54,3,56,-0.03159013390541077,-0.06905287504196167,0.0374627411365509,0.0374627411365509,0.0014034569734642233
relative_return,54,4,57,-0.022941000759601593,-0.06891214847564697,0.04597114771604538,0.04597114771604538,0.0021133464223304643
relative_return,54,5,58,0.005235694348812103,-0.07820051908493042,0.08343621343374252,0.08343621343374252,0.006961601712161036
relative_return,55,1,55,0.06316697597503662,0.057659029960632324,0.005507946014404297,0.005507946014404297,3.033746929759218e-05
relative_return,55,2,56,0.07356174290180206,0.07633590698242188,-0.002774164080619812,0.002774164080619812,7.695986346201167e-06
relative_return,55,3,57,-0.06291726976633072,0.09516537189483643,-0.15808263421058655,0.15808263421058655,0.02499011923895811
relative_return,55,4,58,-0.011622373946011066,0.11674296855926514,-0.12836533784866333,0.12836533784866333,0.01647765996100148
relative_return,55,5,59,0.021297359839081764,0.12356233596801758,-0.10226497799158096,0.10226497799158096,0.010458125723618539
relative_return,56,1,56,0.06005549058318138,0.022873520851135254,0.03718196973204613,0.03718196973204613,0.0013824988731547944
relative_return,56,2,57,0.0615953654050827,0.06775975227355957,-0.006164386868476868,0.006164386868476868,3.799966546425004e-05
relative_return,56,3,58,-0.02545756846666336,0.020563483238220215,-0.046021051704883575,0.046021051704883575,0.0021179372000235674
relative_return,56,4,59,-0.015712972730398178,0.006975293159484863,-0.02268826588988304,0.02268826588988304,0.0005147574090900303
relative_return,56,5,60,-0.0027843837160617113,-0.0007699728012084961,-0.0020144109148532152,0.0020144109148532152,4.0578513338797675e-06
relative_return,57,1,57,0.08240388333797455,0.012964010238647461,0.06943987309932709,0.06943987309932709,0.00482189597605065
relative_return,57,2,58,0.04486149549484253,-0.004986226558685303,0.04984772205352783,0.04984772205352783,0.002484795393925765
relative_return,57,3,59,-0.01213771104812622,-0.02393364906311035,0.01179593801498413,0.01179593801498413,0.00013914415365334776
relative_return,57,4,60,-0.019721616059541702,-0.02606409788131714,0.006342481821775436,0.006342481821775436,4.022707565955186e-05
relative_return,57,5,61,-0.01081680878996849,-0.0363084077835083,0.02549159899353981,0.02549159899353981,0.0006498216192474399
relative_return,58,1,58,0.06928157061338425,0.0077610015869140625,0.061520569026470184,0.061520569026470184,0.0037847804133406826
relative_return,58,2,59,0.06023631989955902,-0.006867408752441406,0.06710372865200043,0.06710372865200043,0.004502910399001303
relative_return,58,3,60,-0.05386289209127426,0.05531513690948486,-0.10917802900075912,0.10917802900075912,0.0119198420164906
relative_return,58,4,61,-0.008905885741114616,0.04807150363922119,-0.05697739124298096,0.05697739124298096,0.003246423112855723
relative_return,58,5,62,0.024468008428812027,0.010112881660461426,0.014355126768350601,0.014355126768350601,0.00020606966453541598
relative_return,59,1,59,0.07243621349334717,0.018207192420959473,0.054229021072387695,0.054229021072387695,0.0029407867264694687
relative_return,59,2,60,0.06785647571086884,-0.04493594169616699,0.11279241740703583,0.11279241740703583,0.012722129424522999
relative_return,59,3,61,-0.05385580658912659,-0.02845168113708496,-0.025404125452041626,0.025404125452041626,0.0006453695899830691
relative_return,59,4,62,-0.005890576168894768,-0.030547142028808594,0.024656565859913826,0.024656565859913826,0.000607946240004268
relative_return,59,5,63,0.014283454045653343,-0.06672877073287964,0.08101222664117813,0.08101222664117813,0.006562980865361612
relative_return,60,1,60,0.08198776841163635,0.02220332622528076,0.05978444218635559,0.05978444218635559,0.003574179527533694
relative_return,60,2,61,0.08205580711364746,0.023800015449523926,0.058255791664123535,0.058255791664123535,0.003393737262413765
relative_return,60,3,62,-0.075593963265419,0.06002390384674072,-0.13561786711215973,0.13561786711215973,0.018392205880051415
relative_return,60,4,63,-0.012253336608409882,0.03487682342529297,-0.04713016003370285,0.04713016003370285,0.0022212519848024415
relative_return,60,5,64,0.015289354138076305,0.021105647087097168,-0.005816292949020863,0.005816292949020863,3.38292636688298e-05
relative_return,61,1,61,0.07736857235431671,0.029513835906982422,0.04785473644733429,0.04785473644733429,0.002290075800443825
relative_return,61,2,62,0.06636051833629608,0.019545555114746094,0.04681496322154999,0.04681496322154999,0.002191640781435078
relative_return,61,3,63,-0.04780954122543335,-0.022526264190673828,-0.02528327703475952,0.02528327703475952,0.0006392440976163982
relative_return,61,4,64,-0.019769791513681412,-0.027608096599578857,0.007838305085897446,0.007838305085897446,6.143902661960576e-05
relative_return,61,5,65,7.379148155450821e-05,-0.043537676334381104,0.04361146688461304,0.04361146688461304,0.0019019600438276996
relative_return,62,1,62,0.09182734787464142,-0.0163993239402771,0.10822667181491852,0.10822667181491852,0.011713012492134078
relative_return,62,2,63,0.07557439804077148,-0.0039337873458862305,0.07950818538665771,0.07950818538665771,0.006321551543479131
relative_return,62,3,64,-0.04917512834072113,0.022223353385925293,-0.07139848172664642,0.07139848172664642,0.005097743192870263
relative_return,62,4,65,-0.03595548868179321,0.009400248527526855,-0.04535573720932007,0.04535573720932007,0.002057142897800901
relative_return,62,5,66,-0.007434576749801636,-0.004649043083190918,-0.0027855336666107178,0.0027855336666107178,7.75919780782175e-06
relative_return,63,1,63,0.07898819446563721,0.0036954879760742188,0.07529270648956299,0.07529270648956299,0.0056689916505234805
relative_return,63,2,64,0.08041894435882568,0.010778546333312988,0.0696403980255127,0.0696403980255127,0.0048497850371518325
relative_return,63,3,65,-0.054968953132629395,0.04768252372741699,-0.10265147686004639,0.10265147686004639,0.010537325701548639
relative_return,63,4,66,-0.021830350160598755,0.04080474376678467,-0.06263509392738342,0.06263509392738342,0.003923154991292144
relative_return,63,5,67,-0.013956155627965927,0.08279013633728027,-0.0967462956905365,0.0967462956905365,0.009359845729840721
relative_return,64,1,64,0.07952599227428436,-0.03521996736526489,0.11474595963954926,0.11474595963954926,0.013166635253601067
relative_return,64,2,65,0.08533769845962524,0.003981828689575195,0.08135586977005005,0.08135586977005005,0.006618777546041343
relative_return,64,3,66,-0.050322867929935455,0.007299900054931641,-0.057622767984867096,0.057622767984867096,0.0033203833902378244
relative_return,64,4,67,-0.030544765293598175,-0.01687532663345337,-0.013669438660144806,0.013669438660144806,0.00018685355328346143
relative_return,64,5,68,-0.030917176976799965,-0.03863292932510376,0.007715752348303795,0.007715752348303795,5.9532834300355525e-05
