model,rolling_step,horizon_step,target_index,predicted_value,locked
naive_last,0,1,0,-0.1836562156677246,True
naive_last,0,2,1,-0.1836562156677246,True
naive_last,0,3,2,-0.1836562156677246,True
naive_last,0,4,3,-0.1836562156677246,True
naive_last,0,5,4,-0.1836562156677246,True
naive_last,1,1,1,-0.23583626747131348,True
naive_last,1,2,2,-0.23583626747131348,True
naive_last,1,3,3,-0.23583626747131348,True
naive_last,1,4,4,-0.23583626747131348,True
naive_last,1,5,5,-0.23583626747131348,True
naive_last,2,1,2,-0.18841832876205444,True
naive_last,2,2,3,-0.18841832876205444,True
naive_last,2,3,4,-0.18841832876205444,True
naive_last,2,4,5,-0.18841832876205444,True
naive_last,2,5,6,-0.18841832876205444,True
naive_last,3,1,3,-0.21031224727630615,True
naive_last,3,2,4,-0.21031224727630615,True
naive_last,3,3,5,-0.21031224727630615,True
naive_last,3,4,6,-0.21031224727630615,True
naive_last,3,5,7,-0.21031224727630615,True
naive_last,4,1,4,-0.2040947675704956,True
naive_last,4,2,5,-0.2040947675704956,True
naive_last,4,3,6,-0.2040947675704956,True
naive_last,4,4,7,-0.2040947675704956,True
naive_last,4,5,8,-0.2040947675704956,True
naive_last,5,1,5,-0.12463134527206421,True
naive_last,5,2,6,-0.12463134527206421,True
naive_last,5,3,7,-0.12463134527206421,True
naive_last,5,4,8,-0.12463134527206421,True
naive_last,5,5,9,-0.12463134527206421,True
naive_last,6,1,6,-0.13190406560897827,True
naive_last,6,2,7,-0.13190406560897827,True
naive_last,6,3,8,-0.13190406560897827,True
naive_last,6,4,9,-0.13190406560897827,True
naive_last,6,5,10,-0.13190406560897827,True
naive_last,7,1,7,-0.06521493196487427,True
naive_last,7,2,8,-0.06521493196487427,True
naive_last,7,3,9,-0.06521493196487427,True
naive_last,7,4,10,-0.06521493196487427,True
naive_last,7,5,11,-0.06521493196487427,True
naive_last,8,1,8,0.008424997329711914,True
naive_last,8,2,9,0.008424997329711914,True
naive_last,8,3,10,0.008424997329711914,True
naive_last,8,4,11,0.008424997329711914,True
naive_last,8,5,12,0.008424997329711914,True
naive_last,9,1,9,0.024445295333862305,True
naive_last,9,2,10,0.024445295333862305,True
naive_last,9,3,11,0.024445295333862305,True
naive_last,9,4,12,0.024445295333862305,True
naive_last,9,5,13,0.024445295333862305,True
naive_last,10,1,10,0.10381531715393066,True
naive_last,10,2,11,0.10381531715393066,True
naive_last,10,3,12,0.10381531715393066,True
naive_last,10,4,13,0.10381531715393066,True
naive_last,10,5,14,0.10381531715393066,True
naive_last,11,1,11,0.0161820650100708,True
naive_last,11,2,12,0.0161820650100708,True
naive_last,11,3,13,0.0161820650100708,True
naive_last,11,4,14,0.0161820650100708,True
naive_last,11,5,15,0.0161820650100708,True
naive_last,12,1,12,0.10485756397247314,True
naive_last,12,2,13,0.10485756397247314,True
naive_last,12,3,14,0.10485756397247314,True
naive_last,12,4,15,0.10485756397247314,True
naive_last,12,5,16,0.10485756397247314,True
naive_last,13,1,13,0.24070489406585693,True
naive_last,13,2,14,0.24070489406585693,True
naive_last,13,3,15,0.24070489406585693,True
naive_last,13,4,16,0.24070489406585693,True
naive_last,13,5,17,0.24070489406585693,True
naive_last,14,1,14,0.15277338027954102,True
naive_last,14,2,15,0.15277338027954102,True
naive_last,14,3,16,0.15277338027954102,True
naive_last,14,4,17,0.15277338027954102,True
naive_last,14,5,18,0.15277338027954102,True
naive_last,15,1,15,0.19124555587768555,True
naive_last,15,2,16,0.19124555587768555,True
naive_last,15,3,17,0.19124555587768555,True
naive_last,15,4,18,0.19124555587768555,True
naive_last,15,5,19,0.19124555587768555,True
naive_last,16,1,16,0.21649861335754395,True
naive_last,16,2,17,0.21649861335754395,True
naive_last,16,3,18,0.21649861335754395,True
naive_last,16,4,19,0.21649861335754395,True
naive_last,16,5,20,0.21649861335754395,True
naive_last,17,1,17,0.2493724822998047,True
naive_last,17,2,18,0.2493724822998047,True
naive_last,17,3,19,0.2493724822998047,True
naive_last,17,4,20,0.2493724822998047,True
naive_last,17,5,21,0.2493724822998047,True
naive_last,18,1,18,0.2179960012435913,True
naive_last,18,2,19,0.2179960012435913,True
naive_last,18,3,20,0.2179960012435913,True
naive_last,18,4,21,0.2179960012435913,True
naive_last,18,5,22,0.2179960012435913,True
naive_last,19,1,19,0.20965826511383057,True
naive_last,19,2,20,0.20965826511383057,True
naive_last,19,3,21,0.20965826511383057,True
naive_last,19,4,22,0.20965826511383057,True
naive_last,19,5,23,0.20965826511383057,True
naive_last,20,1,20,0.1991736888885498,True
naive_last,20,2,21,0.1991736888885498,True
naive_last,20,3,22,0.1991736888885498,True
naive_last,20,4,23,0.1991736888885498,True
naive_last,20,5,24,0.1991736888885498,True
naive_last,21,1,21,0.26573920249938965,True
naive_last,21,2,22,0.26573920249938965,True
naive_last,21,3,23,0.26573920249938965,True
naive_last,21,4,24,0.26573920249938965,True
naive_last,21,5,25,0.26573920249938965,True
naive_last,22,1,22,0.33204329013824463,True
naive_last,22,2,23,0.33204329013824463,True
naive_last,22,3,24,0.33204329013824463,True
naive_last,22,4,25,0.33204329013824463,True
naive_last,22,5,26,0.33204329013824463,True
naive_last,23,1,23,0.5099016427993774,True
naive_last,23,2,24,0.5099016427993774,True
naive_last,23,3,25,0.5099016427993774,True
naive_last,23,4,26,0.5099016427993774,True
naive_last,23,5,27,0.5099016427993774,True
naive_last,24,1,24,0.41449618339538574,True
naive_last,24,2,25,0.41449618339538574,True
naive_last,24,3,26,0.41449618339538574,True
naive_last,24,4,27,0.41449618339538574,True
naive_last,24,5,28,0.41449618339538574,True
naive_last,25,1,25,0.3804514408111572,True
naive_last,25,2,26,0.3804514408111572,True
naive_last,25,3,27,0.3804514408111572,True
naive_last,25,4,28,0.3804514408111572,True
naive_last,25,5,29,0.3804514408111572,True
naive_last,26,1,26,0.3793236017227173,True
naive_last,26,2,27,0.3793236017227173,True
naive_last,26,3,28,0.3793236017227173,True
naive_last,26,4,29,0.3793236017227173,True
naive_last,26,5,30,0.3793236017227173,True
naive_last,27,1,27,0.28432393074035645,True
naive_last,27,2,28,0.28432393074035645,True
naive_last,27,3,29,0.28432393074035645,True
naive_last,27,4,30,0.28432393074035645,True
naive_last,27,5,31,0.28432393074035645,True
naive_last,28,1,28,0.33217358589172363,True
naive_last,28,2,29,0.33217358589172363,True
naive_last,28,3,30,0.33217358589172363,True
naive_last,28,4,31,0.33217358589172363,True
naive_last,28,5,32,0.33217358589172363,True
naive_last,29,1,29,0.3805885314941406,True
naive_last,29,2,30,0.3805885314941406,True
naive_last,29,3,31,0.3805885314941406,True
naive_last,29,4,32,0.3805885314941406,True
naive_last,29,5,33,0.3805885314941406,True
naive_last,30,1,30,0.41154229640960693,True
naive_last,30,2,31,0.41154229640960693,True
naive_last,30,3,32,0.41154229640960693,True
naive_last,30,4,33,0.41154229640960693,True
naive_last,30,5,34,0.41154229640960693,True
naive_last,31,1,31,0.4255528450012207,True
naive_last,31,2,32,0.4255528450012207,True
naive_last,31,3,33,0.4255528450012207,True
naive_last,31,4,34,0.4255528450012207,True
naive_last,31,5,35,0.4255528450012207,True
naive_last,32,1,32,0.36706793308258057,True
naive_last,32,2,33,0.36706793308258057,True
naive_last,32,3,34,0.36706793308258057,True
naive_last,32,4,35,0.36706793308258057,True
naive_last,32,5,36,0.36706793308258057,True
naive_last,33,1,33,0.5073573589324951,True
naive_last,33,2,34,0.5073573589324951,True
naive_last,33,3,35,0.5073573589324951,True
naive_last,33,4,36,0.5073573589324951,True
naive_last,33,5,37,0.5073573589324951,True
naive_last,34,1,34,0.3179067373275757,True
naive_last,34,2,35,0.3179067373275757,True
naive_last,34,3,36,0.3179067373275757,True
naive_last,34,4,37,0.3179067373275757,True
naive_last,34,5,38,0.3179067373275757,True
naive_last,35,1,35,0.26246213912963867,True
naive_last,35,2,36,0.26246213912963867,True
naive_last,35,3,37,0.26246213912963867,True
naive_last,35,4,38,0.26246213912963867,True
naive_last,35,5,39,0.26246213912963867,True
naive_last,36,1,36,0.2181912660598755,True
naive_last,36,2,37,0.2181912660598755,True
naive_last,36,3,38,0.2181912660598755,True
naive_last,36,4,39,0.2181912660598755,True
naive_last,36,5,40,0.2181912660598755,True
naive_last,37,1,37,0.29308927059173584,True
naive_last,37,2,38,0.29308927059173584,True
naive_last,37,3,39,0.29308927059173584,True
naive_last,37,4,40,0.29308927059173584,True
naive_last,37,5,41,0.29308927059173584,True
naive_last,38,1,38,0.27360033988952637,True
naive_last,38,2,39,0.27360033988952637,True
naive_last,38,3,40,0.27360033988952637,True
naive_last,38,4,41,0.27360033988952637,True
naive_last,38,5,42,0.27360033988952637,True
naive_last,39,1,39,0.32589125633239746,True
naive_last,39,2,40,0.32589125633239746,True
naive_last,39,3,41,0.32589125633239746,True
naive_last,39,4,42,0.32589125633239746,True
naive_last,39,5,43,0.32589125633239746,True
naive_last,40,1,40,0.32867515087127686,True
naive_last,40,2,41,0.32867515087127686,True
naive_last,40,3,42,0.32867515087127686,True
naive_last,40,4,43,0.32867515087127686,True
naive_last,40,5,44,0.32867515087127686,True
naive_last,41,1,41,0.22604405879974365,True
naive_last,41,2,42,0.22604405879974365,True
naive_last,41,3,43,0.22604405879974365,True
naive_last,41,4,44,0.22604405879974365,True
naive_last,41,5,45,0.22604405879974365,True
naive_last,42,1,42,0.2178424596786499,True
naive_last,42,2,43,0.2178424596786499,True
naive_last,42,3,44,0.2178424596786499,True
naive_last,42,4,45,0.2178424596786499,True
naive_last,42,5,46,0.2178424596786499,True
naive_last,43,1,43,0.10830378532409668,True
naive_last,43,2,44,0.10830378532409668,True
naive_last,43,3,45,0.10830378532409668,True
naive_last,43,4,46,0.10830378532409668,True
naive_last,43,5,47,0.10830378532409668,True
naive_last,44,1,44,0.07541859149932861,True
naive_last,44,2,45,0.07541859149932861,True
naive_last,44,3,46,0.07541859149932861,True
naive_last,44,4,47,0.07541859149932861,True
naive_last,44,5,48,0.07541859149932861,True
naive_last,45,1,45,-0.03694659471511841,True
naive_last,45,2,46,-0.03694659471511841,True
naive_last,45,3,47,-0.03694659471511841,True
naive_last,45,4,48,-0.03694659471511841,True
naive_last,45,5,49,-0.03694659471511841,True
naive_last,46,1,46,-0.041016221046447754,True
naive_last,46,2,47,-0.041016221046447754,True
naive_last,46,3,48,-0.041016221046447754,True
naive_last,46,4,49,-0.041016221046447754,True
naive_last,46,5,50,-0.041016221046447754,True
naive_last,47,1,47,-0.04325288534164429,True
naive_last,47,2,48,-0.04325288534164429,True
naive_last,47,3,49,-0.04325288534164429,True
naive_last,47,4,50,-0.04325288534164429,True
naive_last,47,5,51,-0.04325288534164429,True
naive_last,48,1,48,0.029792428016662598,True
naive_last,48,2,49,0.029792428016662598,True
naive_last,48,3,50,0.029792428016662598,True
naive_last,48,4,51,0.029792428016662598,True
naive_last,48,5,52,0.029792428016662598,True
naive_last,49,1,49,-0.03830111026763916,True
naive_last,49,2,50,-0.03830111026763916,True
naive_last,49,3,51,-0.03830111026763916,True
naive_last,49,4,52,-0.03830111026763916,True
naive_last,49,5,53,-0.03830111026763916,True
naive_last,50,1,50,-0.1321592926979065,True
naive_last,50,2,51,-0.1321592926979065,True
naive_last,50,3,52,-0.1321592926979065,True
naive_last,50,4,53,-0.1321592926979065,True
naive_last,50,5,54,-0.1321592926979065,True
naive_last,51,1,51,-0.07033514976501465,True
naive_last,51,2,52,-0.07033514976501465,True
naive_last,51,3,53,-0.07033514976501465,True
naive_last,51,4,54,-0.07033514976501465,True
naive_last,51,5,55,-0.07033514976501465,True
naive_last,52,1,52,0.00881814956665039,True
naive_last,52,2,53,0.00881814956665039,True
naive_last,52,3,54,0.00881814956665039,True
naive_last,52,4,55,0.00881814956665039,True
naive_last,52,5,56,0.00881814956665039,True
naive_last,53,1,53,-0.0029106736183166504,True
naive_last,53,2,54,-0.0029106736183166504,True
naive_last,53,3,55,-0.0029106736183166504,True
naive_last,53,4,56,-0.0029106736183166504,True
naive_last,53,5,57,-0.0029106736183166504,True
naive_last,54,1,54,0.017719388008117676,True
naive_last,54,2,55,0.017719388008117676,True
naive_last,54,3,56,0.017719388008117676,True
naive_last,54,4,57,0.017719388008117676,True
naive_last,54,5,58,0.017719388008117676,True
naive_last,55,1,55,0.19767510890960693,True
naive_last,55,2,56,0.19767510890960693,True
naive_last,55,3,57,0.19767510890960693,True
naive_last,55,4,58,0.19767510890960693,True
naive_last,55,5,59,0.19767510890960693,True
naive_last,56,1,56,0.2825310230255127,True
naive_last,56,2,57,0.2825310230255127,True
naive_last,56,3,58,0.2825310230255127,True
naive_last,56,4,59,0.2825310230255127,True
naive_last,56,5,60,0.2825310230255127,True
naive_last,57,1,57,0.2468961477279663,True
naive_last,57,2,58,0.2468961477279663,True
naive_last,57,3,59,0.2468961477279663,True
naive_last,57,4,60,0.2468961477279663,True
naive_last,57,5,61,0.2468961477279663,True
naive_last,58,1,58,0.28081560134887695,True
naive_last,58,2,59,0.28081560134887695,True
naive_last,58,3,60,0.28081560134887695,True
naive_last,58,4,61,0.28081560134887695,True
naive_last,58,5,62,0.28081560134887695,True
naive_last,59,1,59,0.16919612884521484,True
naive_last,59,2,60,0.16919612884521484,True
naive_last,59,3,61,0.16919612884521484,True
naive_last,59,4,62,0.16919612884521484,True
naive_last,59,5,63,0.16919612884521484,True
naive_last,60,1,60,0.14621126651763916,True
naive_last,60,2,61,0.14621126651763916,True
naive_last,60,3,62,0.14621126651763916,True
naive_last,60,4,63,0.14621126651763916,True
naive_last,60,5,64,0.14621126651763916,True
previous_patch,0,1,0,-0.09961462020874023,True
previous_patch,0,2,1,0.010172128677368164,True
previous_patch,0,3,2,-0.13985157012939453,True
previous_patch,0,4,3,0.018426895141601562,True
previous_patch,0,5,4,-0.030415872111916542,True
previous_patch,1,1,1,-0.1820974349975586,True
previous_patch,1,2,2,0.008188843727111816,True
previous_patch,1,3,3,-0.1587839126586914,True
previous_patch,1,4,4,-0.017081856727600098,True
previous_patch,1,5,5,0.1515950709581375,True
previous_patch,2,1,2,-0.2617347240447998,True
previous_patch,2,2,3,0.03689932823181152,True
previous_patch,2,3,4,-0.20520132780075073,True
previous_patch,2,4,5,-0.05511754751205444,True
previous_patch,2,5,6,-0.284706711769104,True
previous_patch,3,1,3,-0.18507897853851318,True
previous_patch,3,2,4,-0.023659050464630127,True
previous_patch,3,3,5,-0.2165919542312622,True
previous_patch,3,4,6,-0.08830618858337402,True
previous_patch,3,5,7,0.04982365667819977,True
previous_patch,4,1,4,-0.2279977798461914,True
previous_patch,4,2,5,0.0065174102783203125,True
previous_patch,4,3,6,-0.22196894884109497,True
previous_patch,4,4,7,-0.12079489231109619,True
previous_patch,4,5,8,0.2335878163576126,True
previous_patch,5,1,5,-0.14838844537734985,True
previous_patch,5,2,6,0.02445995807647705,True
previous_patch,5,3,7,-0.2033555507659912,True
previous_patch,5,4,8,-0.14367365837097168,True
previous_patch,5,5,9,0.34392035007476807,True
previous_patch,6,1,6,-0.17625290155410767,True
previous_patch,6,2,7,0.08421206474304199,True
previous_patch,6,3,8,-0.14864814281463623,True
previous_patch,6,4,9,-0.16073548793792725,True
previous_patch,6,5,10,-0.13981245458126068,True
previous_patch,7,1,7,-0.05729109048843384,True
previous_patch,7,2,8,0.008615970611572266,True
previous_patch,7,3,9,-0.1278231143951416,True
previous_patch,7,4,10,-0.16880571842193604,True
previous_patch,7,5,11,0.2025613784790039,True
previous_patch,8,1,8,-0.01380765438079834,True
previous_patch,8,2,9,0.027275800704956055,True
previous_patch,8,3,10,-0.07640278339385986,True
previous_patch,8,4,11,-0.1603955626487732,True
previous_patch,8,5,12,0.1858636736869812,True
previous_patch,9,1,9,0.04767131805419922,True
previous_patch,9,2,10,-0.017167866230010986,True
previous_patch,9,3,11,-0.007588684558868408,True
previous_patch,9,4,12,-0.14668148756027222,True
previous_patch,9,5,13,0.3458797335624695,True
previous_patch,10,1,10,0.0469285249710083,True
previous_patch,10,2,11,-0.00828564167022705,True
previous_patch,10,3,12,0.01809561252593994,True
previous_patch,10,4,13,-0.13236922025680542,True
previous_patch,10,5,14,0.1635279357433319,True
previous_patch,11,1,11,0.03013598918914795,True
previous_patch,11,2,12,-0.008443295955657959,True
previous_patch,11,3,13,0.04571199417114258,True
previous_patch,11,4,14,-0.10918879508972168,True
previous_patch,11,5,15,-0.05188022926449776,True
previous_patch,12,1,12,0.06092822551727295,True
previous_patch,12,2,13,0.05237388610839844,True
previous_patch,12,3,14,0.07798385620117188,True
previous_patch,12,4,15,-0.07827341556549072,True
previous_patch,12,5,16,0.08241387456655502,True
previous_patch,13,1,13,0.23379409313201904,True
previous_patch,13,2,14,0.040985822677612305,True
previous_patch,13,3,15,0.11956560611724854,True
previous_patch,13,4,16,-0.04444563388824463,True
previous_patch,13,5,17,0.08024559170007706,True
previous_patch,14,1,14,0.1310216188430786,True
previous_patch,14,2,15,0.012576580047607422,True
previous_patch,14,3,16,0.13924098014831543,True
previous_patch,14,4,17,-0.005273401737213135,True
previous_patch,14,5,18,-0.3502795398235321,True
previous_patch,15,1,15,0.1687157154083252,True
previous_patch,15,2,16,0.0025635957717895508,True
previous_patch,15,3,17,0.1518763303756714,True
previous_patch,15,4,18,0.029921650886535645,True
previous_patch,15,5,19,0.34955981373786926,True
previous_patch,16,1,16,0.19710326194763184,True
previous_patch,16,2,17,0.015517473220825195,True
previous_patch,16,3,18,0.1630154848098755,True
previous_patch,16,4,19,0.06022775173187256,True
previous_patch,16,5,20,-0.017354464158415794,True
previous_patch,17,1,17,0.2721627950668335,True
previous_patch,17,2,18,-0.06466019153594971,True
previous_patch,17,3,19,0.17336881160736084,True
previous_patch,17,4,20,0.09447526931762695,True
previous_patch,17,5,21,-0.24977681040763855,True
previous_patch,18,1,18,0.17941582202911377,True
previous_patch,18,2,19,-0.02459198236465454,True
previous_patch,18,3,20,0.20903217792510986,True
previous_patch,18,4,21,0.12002396583557129,True
previous_patch,18,5,22,0.047742873430252075,True
previous_patch,19,1,19,0.19245374202728271,True
previous_patch,19,2,20,-0.0576707124710083,True
previous_patch,19,3,21,0.20895636081695557,True
previous_patch,19,4,22,0.13957631587982178,True
previous_patch,19,5,23,0.25470206141471863,True
previous_patch,20,1,20,0.1841033697128296,True
previous_patch,20,2,21,-0.026694059371948242,True
previous_patch,20,3,22,0.18962562084197998,True
previous_patch,20,4,23,0.1560002565383911,True
previous_patch,20,5,24,0.14442852139472961,True
previous_patch,21,1,21,0.23946261405944824,True
previous_patch,21,2,22,-0.011210620403289795,True
previous_patch,21,3,23,0.1948554515838623,True
previous_patch,21,4,24,0.17065048217773438,True
previous_patch,21,5,25,0.3509044945240021,True
previous_patch,22,1,22,0.2029026746749878,True
previous_patch,22,2,23,0.04861176013946533,True
previous_patch,22,3,24,0.19778740406036377,True
previous_patch,22,4,25,0.1805422306060791,True
previous_patch,22,5,26,-0.18996183574199677,True
previous_patch,23,1,23,0.4380100965499878,True
previous_patch,23,2,24,-0.037871599197387695,True
previous_patch,23,3,25,0.2706930637359619,True
previous_patch,23,4,26,0.2015080451965332,True
previous_patch,23,5,27,0.302686482667923,True
previous_patch,24,1,24,0.40682244300842285,True
previous_patch,24,2,25,-0.06237369775772095,True
previous_patch,24,3,26,0.3906252384185791,True
previous_patch,24,4,27,0.23181939125061035,True
previous_patch,24,5,28,0.2952423691749573,True
previous_patch,25,1,25,0.4234968423843384,True
previous_patch,25,2,26,-0.014385759830474854,True
previous_patch,25,3,27,0.42591893672943115,True
previous_patch,25,4,28,0.25705909729003906,True
previous_patch,25,5,29,0.16185225546360016,True
previous_patch,26,1,26,0.33895134925842285,True
previous_patch,26,2,27,0.003761887550354004,True
previous_patch,26,3,28,0.39930129051208496,True
previous_patch,26,4,29,0.2794421911239624,True
previous_patch,26,5,30,0.5633546113967896,True
previous_patch,27,1,27,0.2927931547164917,True
previous_patch,27,2,28,-0.03860604763031006,True
previous_patch,27,3,29,0.35538506507873535,True
previous_patch,27,4,30,0.2933175563812256,True
previous_patch,27,5,31,-0.07269447296857834,True
previous_patch,28,1,28,0.2745351791381836,True
previous_patch,28,2,29,-0.03122842311859131,True
previous_patch,28,3,30,0.298022985458374,True
previous_patch,28,4,31,0.2961900234222412,True
previous_patch,28,5,32,0.61642986536026,True
previous_patch,29,1,29,0.28414690494537354,True
previous_patch,29,2,30,0.02347111701965332,True
previous_patch,29,3,31,0.2838757038116455,True
previous_patch,29,4,32,0.30657660961151123,True
previous_patch,29,5,33,-0.0605231337249279,True
previous_patch,30,1,30,0.33069658279418945,True
previous_patch,30,2,31,0.008250713348388672,True
previous_patch,30,3,32,0.30958354473114014,True
previous_patch,30,4,33,0.3188985586166382,True
previous_patch,30,5,34,0.4430643618106842,True
previous_patch,31,1,31,0.363832950592041,True
previous_patch,31,2,32,0.028957724571228027,True
previous_patch,31,3,33,0.34637022018432617,True
previous_patch,31,4,34,0.335770845413208,True
previous_patch,31,5,35,0.0814446359872818,True
previous_patch,32,1,32,0.3972371816635132,True
previous_patch,32,2,33,-0.023876547813415527,True
previous_patch,32,3,34,0.39241504669189453,True
previous_patch,32,4,35,0.3571176528930664,True
previous_patch,32,5,36,-0.03903558850288391,True
previous_patch,33,1,33,0.3450673818588257,True
previous_patch,33,2,34,0.001914381980895996,True
previous_patch,33,3,35,0.3749502897262573,True
previous_patch,33,4,36,0.35615241527557373,True
previous_patch,33,5,37,-0.06765395402908325,True
previous_patch,34,1,34,0.34974753856658936,True
previous_patch,34,2,35,0.04842841625213623,True
previous_patch,34,3,36,0.32076144218444824,True
previous_patch,34,4,37,0.34308862686157227,True
previous_patch,34,5,38,0.12278751283884048,True
previous_patch,35,1,35,0.27261507511138916,True
previous_patch,35,2,36,0.011774420738220215,True
previous_patch,35,3,37,0.3005169630050659,True
previous_patch,35,4,38,0.3311960697174072,True
previous_patch,35,5,39,0.17642204463481903,True
previous_patch,36,1,36,0.27239131927490234,True
previous_patch,36,2,37,0.013303637504577637,True
previous_patch,36,3,38,0.28055477142333984,True
previous_patch,36,4,39,0.3189607858657837,True
previous_patch,36,5,40,0.22519119083881378,True
previous_patch,37,1,37,0.22056758403778076,True
previous_patch,37,2,38,0.013544321060180664,True
previous_patch,37,3,39,0.2557365894317627,True
previous_patch,37,4,40,0.3099149465560913,True
previous_patch,37,5,41,-0.016862967982888222,True
previous_patch,38,1,38,0.2780355215072632,True
previous_patch,38,2,39,-0.049004971981048584,True
previous_patch,38,3,40,0.25310420989990234,True
previous_patch,38,4,41,0.30797815322875977,True
previous_patch,38,5,42,0.17746677994728088,True
previous_patch,39,1,39,0.2839682102203369,True
previous_patch,39,2,40,0.021874070167541504,True
previous_patch,39,3,41,0.2750967741012573,True
previous_patch,39,4,42,0.30685174465179443,True
previous_patch,39,5,43,-0.10152329504489899,True
previous_patch,40,1,40,0.3118661642074585,True
previous_patch,40,2,41,-0.03341197967529297,True
previous_patch,40,3,42,0.2831459045410156,True
previous_patch,40,4,43,0.3024423122406006,True
previous_patch,40,5,44,0.21190102398395538,True
previous_patch,41,1,41,0.23378324508666992,True
previous_patch,41,2,42,0.017720699310302734,True
previous_patch,41,3,43,0.2765313386917114,True
previous_patch,41,4,44,0.2937208414077759,True
previous_patch,41,5,45,0.17075695097446442,True
previous_patch,42,1,42,0.20076382160186768,True
previous_patch,42,2,43,-0.008368074893951416,True
previous_patch,42,3,44,0.22542428970336914,True
previous_patch,42,4,45,0.270782470703125,True
previous_patch,42,5,46,0.24060523509979248,True
previous_patch,43,1,43,0.17980849742889404,True
previous_patch,43,2,44,0.028453946113586426,True
previous_patch,43,3,45,0.17851686477661133,True
previous_patch,43,4,46,0.2549128532409668,True
previous_patch,43,5,47,0.08847883343696594,True
previous_patch,44,1,44,0.1408470869064331,True
previous_patch,44,2,45,-0.012151598930358887,True
previous_patch,44,3,46,0.176527738571167,True
previous_patch,44,4,47,0.24155104160308838,True
previous_patch,44,5,48,0.21143168210983276,True
previous_patch,45,1,45,-0.06622558832168579,True
previous_patch,45,2,46,-0.04451388120651245,True
previous_patch,45,3,47,0.08945012092590332,True
previous_patch,45,4,48,0.21004855632781982,True
previous_patch,45,5,49,0.13326680660247803,True
previous_patch,46,1,46,-0.027312874794006348,True
previous_patch,46,2,47,-0.027956068515777588,True
previous_patch,46,3,48,-0.007889151573181152,True
previous_patch,46,4,49,0.1772521734237671,True
previous_patch,46,5,50,0.11748899519443512,True
previous_patch,47,1,47,-0.051934659481048584,True
previous_patch,47,2,48,0.0034646987915039062,True
previous_patch,47,3,49,-0.029767096042633057,True
previous_patch,47,4,50,0.14723730087280273,True
previous_patch,47,5,51,0.22493410110473633,True
previous_patch,48,1,48,0.034780263900756836,True
previous_patch,48,2,49,-0.03618258237838745,True
previous_patch,48,3,50,-0.020831584930419922,True
previous_patch,48,4,51,0.12076234817504883,True
previous_patch,48,5,52,0.19598627090454102,True
previous_patch,49,1,49,-0.010092616081237793,True
previous_patch,49,2,50,0.048160672187805176,True
previous_patch,49,3,51,-0.011077284812927246,True
previous_patch,49,4,52,0.0923769474029541,True
previous_patch,49,5,53,-0.014721294865012169,True
previous_patch,50,1,50,-0.07840710878372192,True
previous_patch,50,2,51,0.008171439170837402,True
previous_patch,50,3,52,-0.024890005588531494,True
previous_patch,50,4,53,0.06329858303070068,True
previous_patch,50,5,54,0.03053116239607334,True
previous_patch,51,1,51,-0.12481361627578735,True
previous_patch,51,2,52,0.030152082443237305,True
previous_patch,51,3,53,-0.08198201656341553,True
previous_patch,51,4,54,0.0248793363571167,True
previous_patch,51,5,55,-0.25356873869895935,True
previous_patch,52,1,52,-0.03842419385910034,True
previous_patch,52,2,53,-0.010531246662139893,True
previous_patch,52,3,54,-0.10696786642074585,True
previous_patch,52,4,55,-0.0010317564010620117,True
previous_patch,52,5,56,0.20980679988861084,True
previous_patch,53,1,53,0.011582493782043457,True
previous_patch,53,2,54,-0.002582252025604248,True
previous_patch,53,3,55,-0.05003988742828369,True
previous_patch,53,4,56,-0.018634140491485596,True
previous_patch,53,5,57,0.27023470401763916,True
previous_patch,54,1,54,-0.012714922428131104,True
previous_patch,54,2,55,-0.026366472244262695,True
previous_patch,54,3,56,-0.0056441426277160645,True
previous_patch,54,4,57,-0.03359323740005493,True
previous_patch,54,5,58,0.6327450275421143,True
previous_patch,55,1,55,0.07899606227874756,True
previous_patch,55,2,56,-0.0065045952796936035,True
previous_patch,55,3,57,0.023461222648620605,True
previous_patch,55,4,58,-0.029608547687530518,True
previous_patch,55,5,59,0.17677605152130127,True
previous_patch,56,1,56,0.3179260492324829,True
previous_patch,56,2,57,-0.012925148010253906,True
previous_patch,56,3,58,0.14889943599700928,True
previous_patch,56,4,59,-0.002212047576904297,True
previous_patch,56,5,60,0.022036558017134666,True
previous_patch,57,1,57,0.29501450061798096,True
previous_patch,57,2,58,0.005519390106201172,True
previous_patch,57,3,59,0.2679046392440796,True
previous_patch,57,4,60,0.027887701988220215,True
previous_patch,57,5,61,0.11750662326812744,True
previous_patch,58,1,58,0.28107917308807373,True
previous_patch,58,2,59,-0.006426870822906494,True
previous_patch,58,3,60,0.2797008752822876,True
previous_patch,58,4,61,0.05576908588409424,True
previous_patch,58,5,62,0.23268036544322968,True
previous_patch,59,1,59,0.27061617374420166,True
previous_patch,59,2,60,0.0027697086334228516,True
previous_patch,59,3,61,0.2785285711288452,True
previous_patch,59,4,62,0.08338570594787598,True
previous_patch,59,5,63,0.18993137776851654,True
previous_patch,60,1,60,0.19706034660339355,True
previous_patch,60,2,61,0.04119884967803955,True
previous_patch,60,3,62,0.24328339099884033,True
previous_patch,60,4,63,0.10739755630493164,True
previous_patch,60,5,64,0.10842196643352509,True
mean_context,0,1,0,-0.04261992499232292,True
mean_context,0,2,1,-0.04261992499232292,True
mean_context,0,3,2,-0.04261992499232292,True
mean_context,0,4,3,-0.04261992499232292,True
mean_context,0,5,4,-0.04261992499232292,True
mean_context,1,1,1,-0.07388734817504883,True
mean_context,1,2,2,-0.07388734817504883,True
mean_context,1,3,3,-0.07388734817504883,True
mean_context,1,4,4,-0.07388734817504883,True
mean_context,1,5,5,-0.07388734817504883,True
mean_context,2,1,2,-0.10864710807800293,True
mean_context,2,2,3,-0.10864710807800293,True
mean_context,2,3,4,-0.10864710807800293,True
mean_context,2,4,5,-0.10864710807800293,True
mean_context,2,5,6,-0.10864710807800293,True
mean_context,3,1,3,-0.10921917855739594,True
mean_context,3,2,4,-0.10921917855739594,True
mean_context,3,3,5,-0.10921917855739594,True
mean_context,3,4,6,-0.10921917855739594,True
mean_context,3,5,7,-0.10921917855739594,True
mean_context,4,1,4,-0.1666591614484787,True
mean_context,4,2,5,-0.1666591614484787,True
mean_context,4,3,6,-0.1666591614484787,True
mean_context,4,4,7,-0.1666591614484787,True
mean_context,4,5,8,-0.1666591614484787,True
mean_context,5,1,5,-0.11538227647542953,True
mean_context,5,2,6,-0.11538227647542953,True
mean_context,5,3,7,-0.11538227647542953,True
mean_context,5,4,8,-0.11538227647542953,True
mean_context,5,5,9,-0.11538227647542953,True
mean_context,6,1,6,-0.1160227581858635,True
mean_context,6,2,7,-0.1160227581858635,True
mean_context,6,3,8,-0.1160227581858635,True
mean_context,6,4,9,-0.1160227581858635,True
mean_context,6,5,10,-0.1160227581858635,True
mean_context,7,1,7,-0.08216091245412827,True
mean_context,7,2,8,-0.08216091245412827,True
mean_context,7,3,9,-0.08216091245412827,True
mean_context,7,4,10,-0.08216091245412827,True
mean_context,7,5,11,-0.08216091245412827,True
mean_context,8,1,8,-0.05807198956608772,True
mean_context,8,2,9,-0.05807198956608772,True
mean_context,8,3,10,-0.05807198956608772,True
mean_context,8,4,11,-0.05807198956608772,True
mean_context,8,5,12,-0.05807198956608772,True
mean_context,9,1,9,-0.019497238099575043,True
mean_context,9,2,10,-0.019497238099575043,True
mean_context,9,3,11,-0.019497238099575043,True
mean_context,9,4,12,-0.019497238099575043,True
mean_context,9,5,13,-0.019497238099575043,True
mean_context,10,1,10,0.006279969122260809,True
mean_context,10,2,11,0.006279969122260809,True
mean_context,10,3,12,0.006279969122260809,True
mean_context,10,4,13,0.006279969122260809,True
mean_context,10,5,14,0.006279969122260809,True
mean_context,11,1,11,-0.046462614089250565,True
mean_context,11,2,12,-0.046462614089250565,True
mean_context,11,3,13,-0.046462614089250565,True
mean_context,11,4,14,-0.046462614089250565,True
mean_context,11,5,15,-0.046462614089250565,True
mean_context,12,1,12,0.03925103321671486,True
mean_context,12,2,13,0.03925103321671486,True
mean_context,12,3,14,0.03925103321671486,True
mean_context,12,4,15,0.03925103321671486,True
mean_context,12,5,16,0.03925103321671486,True
mean_context,13,1,13,0.14325043559074402,True
mean_context,13,2,14,0.14325043559074402,True
mean_context,13,3,15,0.14325043559074402,True
mean_context,13,4,16,0.14325043559074402,True
mean_context,13,5,17,0.14325043559074402,True
mean_context,14,1,14,0.07039858400821686,True
mean_context,14,2,15,0.07039858400821686,True
mean_context,14,3,16,0.07039858400821686,True
mean_context,14,4,17,0.07039858400821686,True
mean_context,14,5,18,0.07039858400821686,True
mean_context,15,1,15,0.09366694837808609,True
mean_context,15,2,16,0.09366694837808609,True
mean_context,15,3,17,0.09366694837808609,True
mean_context,15,4,18,0.09366694837808609,True
mean_context,15,5,19,0.09366694837808609,True
mean_context,16,1,16,0.08666348457336426,True
mean_context,16,2,17,0.08666348457336426,True
mean_context,16,3,18,0.08666348457336426,True
mean_context,16,4,19,0.08666348457336426,True
mean_context,16,5,20,0.08666348457336426,True
mean_context,17,1,17,0.15691740810871124,True
mean_context,17,2,18,0.15691740810871124,True
mean_context,17,3,19,0.15691740810871124,True
mean_context,17,4,20,0.15691740810871124,True
mean_context,17,5,21,0.15691740810871124,True
mean_context,18,1,18,0.07994096726179123,True
mean_context,18,2,19,0.07994096726179123,True
mean_context,18,3,20,0.07994096726179123,True
mean_context,18,4,21,0.07994096726179123,True
mean_context,18,5,22,0.07994096726179123,True
mean_context,19,1,19,0.07800289243459702,True
mean_context,19,2,20,0.07800289243459702,True
mean_context,19,3,21,0.07800289243459702,True
mean_context,19,4,22,0.07800289243459702,True
mean_context,19,5,23,0.07800289243459702,True
mean_context,20,1,20,0.07253578305244446,True
mean_context,20,2,21,0.07253578305244446,True
mean_context,20,3,22,0.07253578305244446,True
mean_context,20,4,23,0.07253578305244446,True
mean_context,20,5,24,0.07253578305244446,True
mean_context,21,1,21,0.11570452153682709,True
mean_context,21,2,22,0.11570452153682709,True
mean_context,21,3,23,0.11570452153682709,True
mean_context,21,4,24,0.11570452153682709,True
mean_context,21,5,25,0.11570452153682709,True
mean_context,22,1,22,0.09369949996471405,True
mean_context,22,2,23,0.09369949996471405,True
mean_context,22,3,24,0.09369949996471405,True
mean_context,22,4,25,0.09369949996471405,True
mean_context,22,5,26,0.09369949996471405,True
mean_context,23,1,23,0.18668487668037415,True
mean_context,23,2,24,0.18668487668037415,True
mean_context,23,3,25,0.18668487668037415,True
mean_context,23,4,26,0.18668487668037415,True
mean_context,23,5,27,0.18668487668037415,True
mean_context,24,1,24,0.14659534394741058,True
mean_context,24,2,25,0.14659534394741058,True
mean_context,24,3,26,0.14659534394741058,True
mean_context,24,4,27,0.14659534394741058,True
mean_context,24,5,28,0.14659534394741058,True
mean_context,25,1,25,0.19053778052330017,True
mean_context,25,2,26,0.19053778052330017,True
mean_context,25,3,27,0.19053778052330017,True
mean_context,25,4,28,0.19053778052330017,True
mean_context,25,5,29,0.19053778052330017,True
mean_context,26,1,26,0.19082766771316528,True
mean_context,26,2,27,0.19082766771316528,True
mean_context,26,3,28,0.19082766771316528,True
mean_context,26,4,29,0.19082766771316528,True
mean_context,26,5,30,0.19082766771316528,True
mean_context,27,1,27,0.1634104698896408,True
mean_context,27,2,28,0.1634104698896408,True
mean_context,27,3,29,0.1634104698896408,True
mean_context,27,4,30,0.1634104698896408,True
mean_context,27,5,31,0.1634104698896408,True
mean_context,28,1,28,0.17445820569992065,True
mean_context,28,2,29,0.17445820569992065,True
mean_context,28,3,30,0.17445820569992065,True
mean_context,28,4,31,0.17445820569992065,True
mean_context,28,5,32,0.17445820569992065,True
mean_context,29,1,29,0.18686428666114807,True
mean_context,29,2,30,0.18686428666114807,True
mean_context,29,3,31,0.18686428666114807,True
mean_context,29,4,32,0.18686428666114807,True
mean_context,29,5,33,0.18686428666114807,True
mean_context,30,1,30,0.18522804975509644,True
mean_context,30,2,31,0.18522804975509644,True
mean_context,30,3,32,0.18522804975509644,True
mean_context,30,4,33,0.18522804975509644,True
mean_context,30,5,34,0.18522804975509644,True
mean_context,31,1,31,0.20362326502799988,True
mean_context,31,2,32,0.20362326502799988,True
mean_context,31,3,33,0.20362326502799988,True
mean_context,31,4,34,0.20362326502799988,True
mean_context,31,5,35,0.20362326502799988,True
mean_context,32,1,32,0.2074143886566162,True
mean_context,32,2,33,0.2074143886566162,True
mean_context,32,3,34,0.2074143886566162,True
mean_context,32,4,35,0.2074143886566162,True
mean_context,32,5,36,0.2074143886566162,True
mean_context,33,1,33,0.22554607689380646,True
mean_context,33,2,34,0.22554607689380646,True
mean_context,33,3,35,0.22554607689380646,True
mean_context,33,4,36,0.22554607689380646,True
mean_context,33,5,37,0.22554607689380646,True
mean_context,34,1,34,0.1122751459479332,True
mean_context,34,2,35,0.1122751459479332,True
mean_context,34,3,36,0.1122751459479332,True
mean_context,34,4,37,0.1122751459479332,True
mean_context,34,5,38,0.1122751459479332,True
mean_context,35,1,35,0.08628030866384506,True
mean_context,35,2,36,0.08628030866384506,True
mean_context,35,3,37,0.08628030866384506,True
mean_context,35,4,38,0.08628030866384506,True
mean_context,35,5,39,0.08628030866384506,True
mean_context,36,1,36,0.10377492010593414,True
mean_context,36,2,37,0.10377492010593414,True
mean_context,36,3,38,0.10377492010593414,True
mean_context,36,4,39,0.10377492010593414,True
mean_context,36,5,40,0.10377492010593414,True
mean_context,37,1,37,0.16288559138774872,True
mean_context,37,2,38,0.16288559138774872,True
mean_context,37,3,39,0.16288559138774872,True
mean_context,37,4,40,0.16288559138774872,True
mean_context,37,5,41,0.16288559138774872,True
mean_context,38,1,38,0.17325781285762787,True
mean_context,38,2,39,0.17325781285762787,True
mean_context,38,3,40,0.17325781285762787,True
mean_context,38,4,41,0.17325781285762787,True
mean_context,38,5,42,0.17325781285762787,True
mean_context,39,1,39,0.20059823989868164,True
mean_context,39,2,40,0.20059823989868164,True
mean_context,39,3,41,0.20059823989868164,True
mean_context,39,4,42,0.20059823989868164,True
mean_context,39,5,43,0.20059823989868164,True
mean_context,40,1,40,0.20368118584156036,True
mean_context,40,2,41,0.20368118584156036,True
mean_context,40,3,42,0.20368118584156036,True
mean_context,40,4,43,0.20368118584156036,True
mean_context,40,5,44,0.20368118584156036,True
mean_context,41,1,41,0.14921735227108002,True
mean_context,41,2,42,0.14921735227108002,True
mean_context,41,3,43,0.14921735227108002,True
mean_context,41,4,44,0.14921735227108002,True
mean_context,41,5,45,0.14921735227108002,True
mean_context,42,1,42,0.12503360211849213,True
mean_context,42,2,43,0.12503360211849213,True
mean_context,42,3,44,0.12503360211849213,True
mean_context,42,4,45,0.12503360211849213,True
mean_context,42,5,46,0.12503360211849213,True
mean_context,43,1,43,0.08644458651542664,True
mean_context,43,2,44,0.08644458651542664,True
mean_context,43,3,45,0.08644458651542664,True
mean_context,43,4,46,0.08644458651542664,True
mean_context,43,5,47,0.08644458651542664,True
mean_context,44,1,44,0.12213838845491409,True
mean_context,44,2,45,0.12213838845491409,True
mean_context,44,3,46,0.12213838845491409,True
mean_context,44,4,47,0.12213838845491409,True
mean_context,44,5,48,0.12213838845491409,True
mean_context,45,1,45,-0.011151997372508049,True
mean_context,45,2,46,-0.011151997372508049,True
mean_context,45,3,47,-0.011151997372508049,True
mean_context,45,4,48,-0.011151997372508049,True
mean_context,45,5,49,-0.011151997372508049,True
mean_context,46,1,46,-0.0017014623153954744,True
mean_context,46,2,47,-0.0017014623153954744,True
mean_context,46,3,48,-0.0017014623153954744,True
mean_context,46,4,49,-0.0017014623153954744,True
mean_context,46,5,50,-0.0017014623153954744,True
mean_context,47,1,47,-0.007509632036089897,True
mean_context,47,2,48,-0.007509632036089897,True
mean_context,47,3,49,-0.007509632036089897,True
mean_context,47,4,50,-0.007509632036089897,True
mean_context,47,5,51,-0.007509632036089897,True
mean_context,48,1,48,0.06939931958913803,True
mean_context,48,2,49,0.06939931958913803,True
mean_context,48,3,50,0.06939931958913803,True
mean_context,48,4,51,0.06939931958913803,True
mean_context,48,5,52,0.06939931958913803,True
mean_context,49,1,49,0.010170131921768188,True
mean_context,49,2,50,0.010170131921768188,True
mean_context,49,3,51,0.010170131921768188,True
mean_context,49,4,52,0.010170131921768188,True
mean_context,49,5,53,0.010170131921768188,True
mean_context,50,1,50,-0.001577011775225401,True
mean_context,50,2,51,-0.001577011775225401,True
mean_context,50,3,52,-0.001577011775225401,True
mean_context,50,4,53,-0.001577011775225401,True
mean_context,50,5,54,-0.001577011775225401,True
mean_context,51,1,51,-0.04779805615544319,True
mean_context,51,2,52,-0.04779805615544319,True
mean_context,51,3,53,-0.04779805615544319,True
mean_context,51,4,54,-0.04779805615544319,True
mean_context,51,5,55,-0.04779805615544319,True
mean_context,52,1,52,-0.05484090745449066,True
mean_context,52,2,53,-0.05484090745449066,True
mean_context,52,3,54,-0.05484090745449066,True
mean_context,52,4,55,-0.05484090745449066,True
mean_context,52,5,56,-0.05484090745449066,True
mean_context,53,1,53,-0.061802126467227936,True
mean_context,53,2,54,-0.061802126467227936,True
mean_context,53,3,55,-0.061802126467227936,True
mean_context,53,4,56,-0.061802126467227936,True
mean_context,53,5,57,-0.061802126467227936,True
mean_context,54,1,54,-0.08820498734712601,True
mean_context,54,2,55,-0.08820498734712601,True
mean_context,54,3,56,-0.08820498734712601,True
mean_context,54,4,57,-0.08820498734712601,True
mean_context,54,5,58,-0.08820498734712601,True
mean_context,55,1,55,-0.022362196817994118,True
mean_context,55,2,56,-0.022362196817994118,True
mean_context,55,3,57,-0.022362196817994118,True
mean_context,55,4,58,-0.022362196817994118,True
mean_context,55,5,59,-0.022362196817994118,True
mean_context,56,1,56,0.0721304714679718,True
mean_context,56,2,57,0.0721304714679718,True
mean_context,56,3,58,0.0721304714679718,True
mean_context,56,4,59,0.0721304714679718,True
mean_context,56,5,60,0.0721304714679718,True
mean_context,57,1,57,0.06565296649932861,True
mean_context,57,2,58,0.06565296649932861,True
mean_context,57,3,59,0.06565296649932861,True
mean_context,57,4,60,0.06565296649932861,True
mean_context,57,5,61,0.06565296649932861,True
mean_context,58,1,58,0.11263813078403473,True
mean_context,58,2,59,0.11263813078403473,True
mean_context,58,3,60,0.11263813078403473,True
mean_context,58,4,61,0.11263813078403473,True
mean_context,58,5,62,0.11263813078403473,True
mean_context,59,1,59,0.11938125640153885,True
mean_context,59,2,60,0.11938125640153885,True
mean_context,59,3,61,0.11938125640153885,True
mean_context,59,4,62,0.11938125640153885,True
mean_context,59,5,63,0.11938125640153885,True
mean_context,60,1,60,0.12136182934045792,True
mean_context,60,2,61,0.12136182934045792,True
mean_context,60,3,62,0.12136182934045792,True
mean_context,60,4,63,0.12136182934045792,True
mean_context,60,5,64,0.12136182934045792,True
drift,0,1,0,-0.18676903285086155,True
drift,0,2,1,-0.1898818500339985,True
drift,0,3,2,-0.19299466721713543,True
drift,0,4,3,-0.19610748440027237,True
drift,0,5,4,-0.1992203015834093,True
drift,1,1,1,-0.23983349232003093,True
drift,1,2,2,-0.24383071716874838,True
drift,1,3,3,-0.24782794201746583,True
drift,1,4,4,-0.2518251668661833,True
drift,1,5,5,-0.25582239171490073,True
drift,2,1,2,-0.19161185971461236,True
drift,2,2,3,-0.1948053906671703,True
drift,2,3,4,-0.1979989216197282,True
drift,2,4,5,-0.20119245257228613,True
drift,2,5,6,-0.20438598352484405,True
drift,3,1,3,-0.21387686161324382,True
drift,3,2,4,-0.21744147595018148,True
drift,3,3,5,-0.22100609028711915,True
drift,3,4,6,-0.22457070462405682,True
drift,3,5,7,-0.22813531896099448,True
drift,4,1,4,-0.20755400089547038,True
drift,4,2,5,-0.21101323422044516,True
drift,4,3,6,-0.21447246754541993,True
drift,4,4,7,-0.2179317008703947,True
drift,4,5,8,-0.22139093419536948,True
drift,5,1,5,-0.12674374086782336,True
drift,5,2,6,-0.12885613646358252,True
drift,5,3,7,-0.13096853205934167,True
drift,5,4,8,-0.13308092765510082,True
drift,5,5,9,-0.13519332325085998,True
drift,6,1,6,-0.13413972780108452,True
drift,6,2,7,-0.13637538999319077,True
drift,6,3,8,-0.138611052185297,True
drift,6,4,9,-0.14084671437740326,True
drift,6,5,10,-0.1430823765695095,True
drift,7,1,7,-0.06632026983425021,True
drift,7,2,8,-0.06742560770362616,True
drift,7,3,9,-0.0685309455730021,True
drift,7,4,10,-0.06963628344237804,True
drift,7,5,11,-0.07074162131175399,True
drift,8,1,8,0.008567793891415931,True
drift,8,2,9,0.008710590453119949,True
drift,8,3,10,0.008853387014823966,True
drift,8,4,11,0.008996183576527983,True
drift,8,5,12,0.009138980138232,True
drift,9,1,9,0.024859622382791713,True
drift,9,2,10,0.02527394943172112,True
drift,9,3,11,0.02568827648065053,True
drift,9,4,12,0.026102603529579937,True
drift,9,5,13,0.026516930578509346,True
drift,10,1,10,0.10557489877101034,True
drift,10,2,11,0.10733448038809001,True
drift,10,3,12,0.10909406200516969,True
drift,10,4,13,0.11085364362224936,True
drift,10,5,14,0.11261322523932904,True
drift,11,1,11,0.016456337296403944,True
drift,11,2,12,0.016730609582737088,True
drift,11,3,13,0.017004881869070232,True
drift,11,4,14,0.017279154155403376,True
drift,11,5,15,0.01755342644173652,True
drift,12,1,12,0.1066348107997328,True
drift,12,2,13,0.10841205762699246,True
drift,12,3,14,0.11018930445425212,True
drift,12,4,15,0.11196655128151178,True
drift,12,5,16,0.11374379810877144,True
drift,13,1,13,0.24478463781997561,True
drift,13,2,14,0.2488643815740943,True
drift,13,3,15,0.252944125328213,True
drift,13,4,16,0.25702386908233166,True
drift,13,5,17,0.26110361283645034,True
drift,14,1,14,0.1553627597168088,True
drift,14,2,15,0.15795213915407658,True
drift,14,3,16,0.16054151859134436,True
drift,14,4,17,0.16313089802861214,True
drift,14,5,18,0.16572027746587992,True
drift,15,1,15,0.19448700593784451,True
drift,15,2,16,0.19772845599800348,True
drift,15,3,17,0.20096990605816245,True
drift,15,4,18,0.20421135611832142,True
drift,15,5,19,0.2074528061784804,True
drift,16,1,16,0.22016808134503663,True
drift,16,2,17,0.2238375493325293,True
drift,16,3,18,0.227507017320022,True
drift,16,4,19,0.23117648530751467,True
drift,16,5,20,0.23484595329500735,True
drift,17,1,17,0.25359913473948836,True
drift,17,2,18,0.25782578717917204,True
drift,17,3,19,0.2620524396188557,True
drift,17,4,20,0.2662790920585394,True
drift,17,5,21,0.27050574449822307,True
drift,18,1,18,0.22169084870256484,True
drift,18,2,19,0.22538569616153836,True
drift,18,3,20,0.2290805436205119,True
drift,18,4,21,0.23277539107948542,True
drift,18,5,22,0.23647023853845894,True
drift,19,1,19,0.2132117950823158,True
drift,19,2,20,0.21676532505080104,True
drift,19,3,21,0.22031885501928627,True
drift,19,4,22,0.2238723849877715,True
drift,19,5,23,0.22742591495625675,True
drift,20,1,20,0.20254951412789524,True
drift,20,2,21,0.20592533936724067,True
drift,20,3,22,0.2093011646065861,True
drift,20,4,23,0.21267698984593153,True
drift,20,5,24,0.21605281508527696,True
drift,21,1,21,0.27024325681850314,True
drift,21,2,22,0.27474731113761663,True
drift,21,3,23,0.2792513654567301,True
drift,21,4,24,0.2837554197758436,True
drift,21,5,25,0.2882594740949571,True
drift,22,1,22,0.3376711425371468,True
drift,22,2,23,0.343298994936049,True
drift,22,3,24,0.34892684733495116,True
drift,22,4,25,0.35455469973385334,True
drift,22,5,26,0.3601825521327555,True
drift,23,1,23,0.5185440434142947,True
drift,23,2,24,0.527186444029212,True
drift,23,3,25,0.5358288446441293,True
drift,23,4,26,0.5444712452590466,True
drift,23,5,27,0.5531136458739638,True
drift,24,1,24,0.4215215425938368,True
drift,24,2,25,0.4285469017922878,True
drift,24,3,26,0.43557226099073887,True
drift,24,4,27,0.4425976201891899,True
drift,24,5,28,0.44962297938764095,True
drift,25,1,25,0.38689977023750544,True
drift,25,2,26,0.39334809966385365,True
drift,25,3,27,0.39979642909020185,True
drift,25,4,28,0.40624475851655006,True
drift,25,5,29,0.4126930879428983,True
drift,26,1,26,0.3857528152875602,True
drift,26,2,27,0.39218202885240316,True
drift,26,3,28,0.3986112424172461,True
drift,26,4,29,0.40504045598208904,True
drift,26,5,30,0.411469669546932,True
drift,27,1,27,0.2891429802402854,True
drift,27,2,28,0.29396202974021435,True
drift,27,3,29,0.2987810792401433,True
drift,27,4,30,0.30360012874007225,True
drift,27,5,31,0.3084191782400012,True
drift,28,1,28,0.3378036464564502,True
drift,28,2,29,0.3434337070211768,True
drift,28,3,30,0.3490637675859034,True
drift,28,4,31,0.35469382815063,True
drift,28,5,32,0.3603238887153566,True
drift,29,1,29,0.3870391845703125,True
drift,29,2,30,0.3934898376464844,True
drift,29,3,31,0.39994049072265625,True
drift,29,4,32,0.4063911437988281,True
drift,29,5,33,0.412841796875,True
drift,30,1,30,0.4185175895690918,True
drift,30,2,31,0.42549288272857666,True
drift,30,3,32,0.4324681758880615,True
drift,30,4,33,0.4394434690475464,True
drift,30,5,34,0.44641876220703125,True
drift,31,1,31,0.43276560492813587,True
drift,31,2,32,0.43997836485505104,True
drift,31,3,33,0.4471911247819662,True
drift,31,4,34,0.4544038847088814,True
drift,31,5,35,0.46161664463579655,True
drift,32,1,32,0.3732894235290587,True
drift,32,2,33,0.3795109139755368,True
drift,32,3,34,0.38573240442201495,True
drift,32,4,35,0.3919538948684931,True
drift,32,5,36,0.3981753853149712,True
drift,33,1,33,0.51595663651824,True
drift,33,2,34,0.5245559141039848,True
drift,33,3,35,0.5331551916897297,True
drift,33,4,36,0.5417544692754745,True
drift,33,5,37,0.5503537468612194,True
drift,34,1,34,0.3232949869707227,True
drift,34,2,35,0.32868323661386967,True
drift,34,3,36,0.33407148625701666,True
drift,34,4,37,0.33945973590016365,True
drift,34,5,38,0.34484798554331064,True
drift,35,1,35,0.2669106498360634,True
drift,35,2,36,0.2713591605424881,True
drift,35,3,37,0.2758076712489128,True
drift,35,4,38,0.2802561819553375,True
drift,35,5,39,0.28470469266176224,True
drift,36,1,36,0.22188942320644855,True
drift,36,2,37,0.22558758035302162,True
drift,36,3,38,0.2292857374995947,True
drift,36,4,39,0.23298389464616776,True
drift,36,5,40,0.23668205179274082,True
drift,37,1,37,0.29805688513442874,True
drift,37,2,38,0.30302449967712164,True
drift,37,3,39,0.30799211421981454,True
drift,37,4,40,0.31295972876250744,True
drift,37,5,41,0.31792734330520034,True
drift,38,1,38,0.2782376338727772,True
drift,38,2,39,0.2828749278560281,True
drift,38,3,40,0.28751222183927894,True
drift,38,4,41,0.2921495158225298,True
drift,38,5,42,0.29678680980578065,True
drift,39,1,39,0.3314148369245231,True
drift,39,2,40,0.33693841751664877,True
drift,39,3,41,0.3424619981087744,True
drift,39,4,42,0.3479855787009001,True
drift,39,5,43,0.35350915929302573,True
drift,40,1,40,0.33424591599032283,True
drift,40,2,41,0.3398166811093688,True
drift,40,3,42,0.3453874462284148,True
drift,40,4,43,0.35095821134746075,True
drift,40,5,44,0.3565289764665067,True
drift,41,1,41,0.22987531404942274,True
drift,41,2,42,0.23370656929910183,True
drift,41,3,43,0.23753782454878092,True
drift,41,4,44,0.24136907979846,True
drift,41,5,45,0.2452003350481391,True
drift,42,1,42,0.2215347047895193,True
drift,42,2,43,0.22522694990038872,True
drift,42,3,44,0.22891919501125813,True
drift,42,4,45,0.23261144012212753,True
drift,42,5,46,0.23630368523299694,True
drift,43,1,43,0.11013944272417575,True
drift,43,2,44,0.11197510012425482,True
drift,43,3,45,0.1138107575243339,True
drift,43,4,46,0.11564641492441297,True
drift,43,5,47,0.11748207232449204,True
drift,44,1,44,0.07669687271118164,True
drift,44,2,45,0.07797515392303467,True
drift,44,3,46,0.0792534351348877,True
drift,44,4,47,0.08053171634674072,True
drift,44,5,48,0.08180999755859375,True
drift,45,1,45,-0.03757280815625563,True
drift,45,2,46,-0.03819902159739286,True
drift,45,3,47,-0.03882523503853008,True
drift,45,4,48,-0.039451448479667306,True
drift,45,5,49,-0.04007766192080453,True
drift,46,1,46,-0.04171141120605171,True
drift,46,2,47,-0.04240660136565566,True
drift,46,3,48,-0.043101791525259614,True
drift,46,4,49,-0.04379698168486357,True
drift,46,5,50,-0.04449217184446752,True
drift,47,1,47,-0.043985985103063285,True
drift,47,2,48,-0.044719084864482284,True
drift,47,3,49,-0.04545218462590128,True
drift,47,4,50,-0.04618528438732028,True
drift,47,5,51,-0.04691838414873928,True
drift,48,1,48,0.030297384422738105,True
drift,48,2,49,0.030802340828813612,True
drift,48,3,50,0.03130729723488912,True
drift,48,4,51,0.03181225364096463,True
drift,48,5,52,0.032317210047040135,True
drift,49,1,49,-0.03895028162514791,True
drift,49,2,50,-0.03959945298265666,True
drift,49,3,51,-0.040248624340165406,True
drift,49,4,52,-0.040897795697674155,True
drift,49,5,53,-0.041546967055182904,True
drift,50,1,50,-0.1343992806505412,True
drift,50,2,51,-0.13663926860317588,True
drift,50,3,52,-0.13887925655581057,True
drift,50,4,53,-0.14111924450844526,True
drift,50,5,54,-0.14335923246107996,True
drift,51,1,51,-0.07152727094944566,True
drift,51,2,52,-0.07271939213387668,True
drift,51,3,53,-0.0739115133183077,True
drift,51,4,54,-0.07510363450273871,True
drift,51,5,55,-0.07629575568716973,True
drift,52,1,52,0.008967609726823866,True
drift,52,2,53,0.009117069886997342,True
drift,52,3,54,0.009266530047170818,True
drift,52,4,55,0.009415990207344294,True
drift,52,5,56,0.00956545036751777,True
drift,53,1,53,-0.0029600070702144876,True
drift,53,2,54,-0.003009340522112325,True
drift,53,3,55,-0.003058673974010162,True
drift,53,4,56,-0.0031080074259079993,True
drift,53,5,57,-0.0031573408778058365,True
drift,54,1,54,0.018019716604612768,True
drift,54,2,55,0.01832004520110786,True
drift,54,3,56,0.01862037379760295,True
drift,54,4,57,0.018920702394098043,True
drift,54,5,58,0.019221030990593135,True
drift,55,1,55,0.20102553442120552,True
drift,55,2,56,0.2043759599328041,True
drift,55,3,57,0.2077263854444027,True
drift,55,4,58,0.21107681095600128,True
drift,55,5,59,0.21442723646759987,True
drift,56,1,56,0.2873196844011545,True
drift,56,2,57,0.29210834577679634,True
drift,56,3,58,0.29689700715243816,True
drift,56,4,59,0.30168566852808,True
drift,56,5,60,0.3064743299037218,True
drift,57,1,57,0.2510808282531798,True
drift,57,2,58,0.25526550877839327,True
drift,57,3,59,0.25945018930360675,True
drift,57,4,60,0.26363486982882023,True
drift,57,5,61,0.2678195503540337,True
drift,58,1,58,0.28557518776506186,True
drift,58,2,59,0.29033477418124676,True
drift,58,3,60,0.29509436059743166,True
drift,58,4,61,0.29985394701361656,True
drift,58,5,62,0.30461353342980146,True
drift,59,1,59,0.1720638598781079,True
drift,59,2,60,0.17493159091100097,True
drift,59,3,61,0.17779932194389403,True
drift,59,4,62,0.1806670529767871,True
drift,59,5,63,0.18353478400968015,True
drift,60,1,60,0.14868942368775606,True
drift,60,2,61,0.15116758085787296,True
drift,60,3,62,0.15364573802798986,True
drift,60,4,63,0.15612389519810677,True
drift,60,5,64,0.15860205236822367,True
