stock,model,mse,mae,trend_accuracy,source_file
NVDA,naive_last,0.00198280974291265,0.03505386412143707,0.0,results/last_model_comparison_20260618_175710.csv
NVDA,drift,0.0020448253016247383,0.03520940863467718,0.5122950819672131,results/last_model_comparison_20260618_175710.csv
NVDA,GRU,0.002227355958893895,0.03775104135274887,0.5,results/last_model_comparison_20260618_175710.csv
NVDA,TS-JEPA,0.0022939881309866905,0.03841929882764816,0.5286885245901639,results/last_model_comparison_20260618_175710.csv
NVDA,mean_context,0.01882089488208294,0.10010683536529541,0.0,results/last_model_comparison_20260618_175710.csv
NVDA,previous_patch,0.03208310529589653,0.11598248034715652,0.5327868852459017,results/last_model_comparison_20260618_175710.csv
AAPL,naive_last,0.0010061414213851094,0.022336257621645927,0.0,results/last_model_comparison_20260618_175838.csv
AAPL,drift,0.0010764438140203438,0.02290335070733296,0.4918032786885246,results/last_model_comparison_20260618_175838.csv
AAPL,TS-JEPA,0.0011084569850936532,0.0237348061054945,0.5,results/last_model_comparison_20260618_175838.csv
AAPL,GRU,0.0011401706142351031,0.02452084608376026,0.5245901639344263,results/last_model_comparison_20260618_175838.csv
AAPL,mean_context,0.007031710352748632,0.06921769678592682,0.0,results/last_model_comparison_20260618_175838.csv
AAPL,previous_patch,0.011843018233776093,0.08244827389717102,0.5204918032786885,results/last_model_comparison_20260618_175838.csv
MSFT,naive_last,0.000889064627699554,0.02138836681842804,0.0,results/last_model_comparison_20260618_180015.csv
MSFT,drift,0.0009454245833958706,0.0221129532181801,0.5655737704918032,results/last_model_comparison_20260618_180015.csv
MSFT,TS-JEPA,0.0010986654087901115,0.025060433894395828,0.4672131147540984,results/last_model_comparison_20260618_180015.csv
MSFT,GRU,0.0019087250111624599,0.032310668379068375,0.48360655737704916,results/last_model_comparison_20260618_180015.csv
MSFT,mean_context,0.008166482672095299,0.0734480544924736,0.0,results/last_model_comparison_20260618_180015.csv
MSFT,previous_patch,0.015103199519217014,0.08833318203687668,0.430327868852459,results/last_model_comparison_20260618_180015.csv
AMZN,naive_last,0.0012236298061907291,0.02581946551799774,0.0,results/last_model_comparison_20260618_180144.csv
AMZN,drift,0.0013853338031760288,0.027132163312215525,0.5081967213114754,results/last_model_comparison_20260618_180144.csv
AMZN,TS-JEPA,0.0015701516531407833,0.030100490897893906,0.5286885245901639,results/last_model_comparison_20260618_180144.csv
AMZN,GRU,0.0018973381957039237,0.032516833394765854,0.48360655737704916,results/last_model_comparison_20260618_180144.csv
AMZN,mean_context,0.008421611972153187,0.07324088364839554,0.0,results/last_model_comparison_20260618_180144.csv
AMZN,previous_patch,0.014405347406864166,0.09059292823076248,0.5204918032786885,results/last_model_comparison_20260618_180144.csv
GOOGL,naive_last,0.001578636816702783,0.030024966225028038,0.0,results/last_model_comparison_20260618_180315.csv
GOOGL,GRU,0.001622223760932684,0.03149835020303726,0.5,results/last_model_comparison_20260618_180315.csv
GOOGL,drift,0.0016237596667457695,0.030692321370684037,0.5204918032786885,results/last_model_comparison_20260618_180315.csv
GOOGL,TS-JEPA,0.0022073350846767426,0.036428846418857574,0.5040983606557377,results/last_model_comparison_20260618_180315.csv
GOOGL,mean_context,0.022008094936609268,0.1265486627817154,0.0,results/last_model_comparison_20260618_180315.csv
GOOGL,previous_patch,0.03376230224967003,0.1368405520915985,0.5040983606557377,results/last_model_comparison_20260618_180315.csv
AVGO,GRU,0.003927175421267748,0.044595349580049515,0.5,results/last_model_comparison_20260618_180453.csv
AVGO,naive_last,0.003969406243413687,0.043561361730098724,0.0,results/last_model_comparison_20260618_180453.csv
AVGO,drift,0.004182096325004314,0.043771367740072356,0.5163934426229508,results/last_model_comparison_20260618_180453.csv
AVGO,TS-JEPA,0.005205146037042141,0.052926696836948395,0.5286885245901639,results/last_model_comparison_20260618_180453.csv
AVGO,mean_context,0.02788686193525791,0.13786786794662476,0.0,results/last_model_comparison_20260618_180453.csv
AVGO,previous_patch,0.047307293862104416,0.15579484403133392,0.5122950819672131,results/last_model_comparison_20260618_180453.csv
META,naive_last,0.001556317787617445,0.02766188606619835,0.0,results/last_model_comparison_20260618_180654.csv
META,TS-JEPA,0.0016894069267436862,0.03010120615363121,0.5450819672131147,results/last_model_comparison_20260618_180654.csv
META,drift,0.0016968430711992671,0.02848429240760003,0.5,results/last_model_comparison_20260618_180654.csv
META,GRU,0.00188267114572227,0.031506434082984924,0.5204918032786885,results/last_model_comparison_20260618_180654.csv
META,mean_context,0.009153274819254875,0.074851393699646,0.0,results/last_model_comparison_20260618_180654.csv
META,previous_patch,0.017202042043209076,0.09690569341182709,0.5368852459016393,results/last_model_comparison_20260618_180654.csv
TSLA,naive_last,0.002715025097131729,0.03968764469027519,0.0,results/last_model_comparison_20260618_181050.csv
TSLA,drift,0.0032338718828749734,0.042047107666702256,0.5122950819672131,results/last_model_comparison_20260618_181050.csv
TSLA,GRU,0.0036909403279423714,0.046170301735401154,0.3975409836065574,results/last_model_comparison_20260618_181050.csv
TSLA,TS-JEPA,0.004392509814351797,0.05099218338727951,0.5081967213114754,results/last_model_comparison_20260618_181050.csv
TSLA,mean_context,0.017232663929462433,0.09941839426755905,0.0,results/last_model_comparison_20260618_181050.csv
TSLA,previous_patch,0.03692134842276573,0.1415320336818695,0.4057377049180328,results/last_model_comparison_20260618_181050.csv
GOOG,naive_last,0.001516180345788598,0.02975279465317726,0.0,results/last_model_comparison_20260618_181207.csv
GOOG,drift,0.001555431995529225,0.030249973449257388,0.5122950819672131,results/last_model_comparison_20260618_181207.csv
GOOG,GRU,0.0015756427310407162,0.031337130814790726,0.5245901639344263,results/last_model_comparison_20260618_181207.csv
GOOG,TS-JEPA,0.0032052474562078714,0.04475245997309685,0.5614754098360656,results/last_model_comparison_20260618_181207.csv
GOOG,mean_context,0.02138526178896427,0.12467949092388153,0.0,results/last_model_comparison_20260618_181207.csv
GOOG,previous_patch,0.03278700262308121,0.13435228168964386,0.47950819672131145,results/last_model_comparison_20260618_181207.csv
WMT,naive_last,0.001057861722074449,0.022631367668509483,0.00819672131147541,results/last_model_comparison_20260618_181325.csv
WMT,GRU,0.0010680584236979485,0.022281311452388763,0.5081967213114754,results/last_model_comparison_20260618_181325.csv
WMT,drift,0.0011291500247525112,0.023007271949931327,0.4672131147540984,results/last_model_comparison_20260618_181325.csv
WMT,TS-JEPA,0.0011471612378954887,0.024127691984176636,0.48770491803278687,results/last_model_comparison_20260618_181325.csv
WMT,mean_context,0.00340840220451355,0.04668252542614937,0.00819672131147541,results/last_model_comparison_20260618_181325.csv
WMT,previous_patch,0.005888839717954397,0.05826631188392639,0.4426229508196721,results/last_model_comparison_20260618_181325.csv
