forecast_target,rolling_step,horizon_step,target_index,target_date,predicted_value,locked
relative_return,0,1,30,2025-01-02T00:00:00,-0.0013083061203360558,True
relative_return,0,2,31,2025-01-03T00:00:00,-0.021143043413758278,True
relative_return,0,3,32,2025-01-06T00:00:00,-0.0030678641051054,True
relative_return,0,4,33,2025-01-07T00:00:00,0.0021062931045889854,True
relative_return,0,5,34,2025-01-08T00:00:00,0.0014654556289315224,True
relative_return,1,1,35,2025-01-10T00:00:00,0.007556450553238392,True
relative_return,1,2,36,2025-01-13T00:00:00,-0.015505054965615273,True
relative_return,1,3,37,2025-01-14T00:00:00,0.01355941966176033,True
relative_return,1,4,38,2025-01-15T00:00:00,0.019470863044261932,True
relative_return,1,5,39,2025-01-16T00:00:00,0.015353629365563393,True
relative_return,2,1,40,2025-01-17T00:00:00,0.004959560930728912,True
relative_return,2,2,41,2025-01-21T00:00:00,0.0021944697946310043,True
relative_return,2,3,42,2025-01-22T00:00:00,0.01788988709449768,True
relative_return,2,4,43,2025-01-23T00:00:00,0.022290064021945,True
relative_return,2,5,44,2025-01-24T00:00:00,0.018721451982855797,True
relative_return,3,1,45,2025-01-27T00:00:00,0.01563643291592598,True
relative_return,3,2,46,2025-01-28T00:00:00,0.0009126756340265274,True
relative_return,3,3,47,2025-01-29T00:00:00,0.02501600794494152,True
relative_return,3,4,48,2025-01-30T00:00:00,0.01291980966925621,True
relative_return,3,5,49,2025-01-31T00:00:00,0.014081227593123913,True
relative_return,4,1,50,2025-02-03T00:00:00,-0.005114677362143993,True
relative_return,4,2,51,2025-02-04T00:00:00,0.008168265223503113,True
relative_return,4,3,52,2025-02-05T00:00:00,0.008624060079455376,True
relative_return,4,4,53,2025-02-06T00:00:00,0.03370720148086548,True
relative_return,4,5,54,2025-02-07T00:00:00,0.031173110008239746,True
relative_return,5,1,55,2025-02-10T00:00:00,-0.005158968269824982,True
relative_return,5,2,56,2025-02-11T00:00:00,0.011963268741965294,True
relative_return,5,3,57,2025-02-12T00:00:00,0.03220245987176895,True
relative_return,5,4,58,2025-02-13T00:00:00,0.03641282394528389,True
relative_return,5,5,59,2025-02-14T00:00:00,0.024604227393865585,True
relative_return,6,1,60,2025-02-18T00:00:00,-0.005354590713977814,True
relative_return,6,2,61,2025-02-19T00:00:00,-0.0027655605226755142,True
relative_return,6,3,62,2025-02-20T00:00:00,0.020919350907206535,True
relative_return,6,4,63,2025-02-21T00:00:00,0.031791411340236664,True
relative_return,6,5,64,2025-02-24T00:00:00,0.017922133207321167,True
relative_return,7,1,65,2025-02-25T00:00:00,0.01676017791032791,True
relative_return,7,2,66,2025-02-26T00:00:00,0.0017504934221506119,True
relative_return,7,3,67,2025-02-27T00:00:00,0.019800083711743355,True
relative_return,7,4,68,2025-02-28T00:00:00,0.026972129940986633,True
relative_return,7,5,69,2025-03-03T00:00:00,0.017968270927667618,True
relative_return,8,1,70,2025-03-04T00:00:00,0.0050823986530303955,True
relative_return,8,2,71,2025-03-05T00:00:00,0.018966076895594597,True
relative_return,8,3,72,2025-03-06T00:00:00,0.03468094393610954,True
relative_return,8,4,73,2025-03-07T00:00:00,0.038329508155584335,True
relative_return,8,5,74,2025-03-10T00:00:00,0.0377846322953701,True
relative_return,9,1,75,2025-03-11T00:00:00,-0.001300327479839325,True
relative_return,9,2,76,2025-03-12T00:00:00,0.006582446396350861,True
relative_return,9,3,77,2025-03-13T00:00:00,0.013561848551034927,True
relative_return,9,4,78,2025-03-14T00:00:00,0.023098133504390717,True
relative_return,9,5,79,2025-03-17T00:00:00,0.03667540103197098,True
relative_return,10,1,80,2025-03-18T00:00:00,0.011788975447416306,True
relative_return,10,2,81,2025-03-19T00:00:00,0.014469554647803307,True
relative_return,10,3,82,2025-03-20T00:00:00,0.03986820578575134,True
relative_return,10,4,83,2025-03-21T00:00:00,0.03073277696967125,True
relative_return,10,5,84,2025-03-24T00:00:00,0.03009975701570511,True
relative_return,11,1,85,2025-03-25T00:00:00,0.013929136097431183,True
relative_return,11,2,86,2025-03-26T00:00:00,-0.00229613296687603,True
relative_return,11,3,87,2025-03-27T00:00:00,0.027478836476802826,True
relative_return,11,4,88,2025-03-28T00:00:00,0.041547741740942,True
relative_return,11,5,89,2025-03-31T00:00:00,0.022876257076859474,True
relative_return,12,1,90,2025-04-01T00:00:00,0.00896402820944786,True
relative_return,12,2,91,2025-04-02T00:00:00,-0.005135675892233849,True
relative_return,12,3,92,2025-04-03T00:00:00,0.020547350868582726,True
relative_return,12,4,93,2025-04-04T00:00:00,0.04523826017975807,True
relative_return,12,5,94,2025-04-07T00:00:00,0.03310563042759895,True
relative_return,13,1,95,2025-04-08T00:00:00,0.009459272027015686,True
relative_return,13,2,96,2025-04-09T00:00:00,-0.001086641103029251,True
relative_return,13,3,97,2025-04-10T00:00:00,0.023561974987387657,True
relative_return,13,4,98,2025-04-11T00:00:00,0.05221926420927048,True
relative_return,13,5,99,2025-04-14T00:00:00,0.07256621867418289,True
relative_return,14,1,100,2025-04-15T00:00:00,-0.002369430847465992,True
relative_return,14,2,101,2025-04-16T00:00:00,0.020474355667829514,True
relative_return,14,3,102,2025-04-17T00:00:00,0.030460935086011887,True
relative_return,14,4,103,2025-04-21T00:00:00,0.06050335243344307,True
relative_return,14,5,104,2025-04-22T00:00:00,0.05813366547226906,True
relative_return,15,1,105,2025-04-23T00:00:00,0.021765418350696564,True
relative_return,15,2,106,2025-04-24T00:00:00,0.004811452701687813,True
relative_return,15,3,107,2025-04-25T00:00:00,0.006468912586569786,True
relative_return,15,4,108,2025-04-28T00:00:00,0.0522727370262146,True
relative_return,15,5,109,2025-04-29T00:00:00,0.02434290014207363,True
relative_return,16,1,110,2025-04-30T00:00:00,0.01429483387619257,True
relative_return,16,2,111,2025-05-01T00:00:00,0.004043877124786377,True
relative_return,16,3,112,2025-05-02T00:00:00,0.025065410882234573,True
relative_return,16,4,113,2025-05-05T00:00:00,0.050576549023389816,True
relative_return,16,5,114,2025-05-06T00:00:00,0.03186222165822983,True
relative_return,17,1,115,2025-05-07T00:00:00,0.0013377601280808449,True
relative_return,17,2,116,2025-05-08T00:00:00,0.0008915271610021591,True
relative_return,17,3,117,2025-05-09T00:00:00,0.030172690749168396,True
relative_return,17,4,118,2025-05-12T00:00:00,0.06138861924409866,True
relative_return,17,5,119,2025-05-13T00:00:00,0.051704514771699905,True
relative_return,18,1,120,2025-05-14T00:00:00,0.01828709803521633,True
relative_return,18,2,121,2025-05-15T00:00:00,0.029017571359872818,True
relative_return,18,3,122,2025-05-16T00:00:00,0.03254847973585129,True
relative_return,18,4,123,2025-05-19T00:00:00,0.04950309172272682,True
relative_return,18,5,124,2025-05-20T00:00:00,0.0308128260076046,True
relative_return,19,1,125,2025-05-21T00:00:00,0.04926970601081848,True
relative_return,19,2,126,2025-05-22T00:00:00,0.023051749914884567,True
relative_return,19,3,127,2025-05-23T00:00:00,-0.0026253126561641693,True
relative_return,19,4,128,2025-05-27T00:00:00,0.02028990164399147,True
relative_return,19,5,129,2025-05-28T00:00:00,-0.007936619222164154,True
relative_return,20,1,130,2025-05-29T00:00:00,0.03133520483970642,True
relative_return,20,2,131,2025-05-30T00:00:00,0.02689974009990692,True
relative_return,20,3,132,2025-06-02T00:00:00,0.02607961744070053,True
relative_return,20,4,133,2025-06-03T00:00:00,0.030611494556069374,True
relative_return,20,5,134,2025-06-04T00:00:00,-0.005996408872306347,True
relative_return,21,1,135,2025-06-05T00:00:00,0.045129984617233276,True
relative_return,21,2,136,2025-06-06T00:00:00,0.04174274206161499,True
relative_return,21,3,137,2025-06-09T00:00:00,0.009693941101431847,True
relative_return,21,4,138,2025-06-10T00:00:00,0.014298215508460999,True
relative_return,21,5,139,2025-06-11T00:00:00,-0.011850377544760704,True
relative_return,22,1,140,2025-06-12T00:00:00,0.03267853707075119,True
relative_return,22,2,141,2025-06-13T00:00:00,0.02459269016981125,True
relative_return,22,3,142,2025-06-16T00:00:00,0.01773814857006073,True
relative_return,22,4,143,2025-06-17T00:00:00,0.011767537333071232,True
relative_return,22,5,144,2025-06-18T00:00:00,-0.016044460237026215,True
relative_return,23,1,145,2025-06-20T00:00:00,0.024998614564538002,True
relative_return,23,2,146,2025-06-23T00:00:00,0.014991727657616138,True
relative_return,23,3,147,2025-06-24T00:00:00,0.0035589225590229034,True
relative_return,23,4,148,2025-06-25T00:00:00,-0.0023267362266778946,True
relative_return,23,5,149,2025-06-26T00:00:00,-0.030640583485364914,True
relative_return,24,1,150,2025-06-27T00:00:00,0.004210204817354679,True
relative_return,24,2,151,2025-06-30T00:00:00,0.0018771737813949585,True
relative_return,24,3,152,2025-07-01T00:00:00,0.012802641838788986,True
relative_return,24,4,153,2025-07-02T00:00:00,-0.008102281019091606,True
relative_return,24,5,154,2025-07-03T00:00:00,-0.016362499445676804,True
relative_return,25,1,155,2025-07-07T00:00:00,0.006219766102731228,True
relative_return,25,2,156,2025-07-08T00:00:00,-0.002199256792664528,True
relative_return,25,3,157,2025-07-09T00:00:00,-0.004931464791297913,True
relative_return,25,4,158,2025-07-10T00:00:00,-0.0015726033598184586,True
relative_return,25,5,159,2025-07-11T00:00:00,-0.020719241350889206,True
relative_return,26,1,160,2025-07-14T00:00:00,0.0059123290702700615,True
relative_return,26,2,161,2025-07-15T00:00:00,-0.01131458394229412,True
relative_return,26,3,162,2025-07-16T00:00:00,-0.00684218667447567,True
relative_return,26,4,163,2025-07-17T00:00:00,-0.012672839686274529,True
relative_return,26,5,164,2025-07-18T00:00:00,-0.01625407114624977,True
relative_return,27,1,165,2025-07-21T00:00:00,0.0025639848317950964,True
relative_return,27,2,166,2025-07-22T00:00:00,-0.003015555441379547,True
relative_return,27,3,167,2025-07-23T00:00:00,0.001338733360171318,True
relative_return,27,4,168,2025-07-24T00:00:00,-0.0031740237027406693,True
relative_return,27,5,169,2025-07-25T00:00:00,-0.014435864984989166,True
relative_return,28,1,170,2025-07-28T00:00:00,0.0020834729075431824,True
relative_return,28,2,171,2025-07-29T00:00:00,-0.008628642186522484,True
relative_return,28,3,172,2025-07-30T00:00:00,-0.008269239217042923,True
relative_return,28,4,173,2025-07-31T00:00:00,-0.010837345384061337,True
relative_return,28,5,174,2025-08-01T00:00:00,-0.017570771276950836,True
relative_return,29,1,175,2025-08-04T00:00:00,0.006137455813586712,True
relative_return,29,2,176,2025-08-05T00:00:00,-0.0014948491007089615,True
relative_return,29,3,177,2025-08-06T00:00:00,-0.003927057608962059,True
relative_return,29,4,178,2025-08-07T00:00:00,-0.015224430710077286,True
relative_return,29,5,179,2025-08-08T00:00:00,-0.02234722673892975,True
relative_return,30,1,180,2025-08-11T00:00:00,0.0040610553696751595,True
relative_return,30,2,181,2025-08-12T00:00:00,-0.007265659049153328,True
relative_return,30,3,182,2025-08-13T00:00:00,-0.007801659405231476,True
relative_return,30,4,183,2025-08-14T00:00:00,-0.01105920784175396,True
relative_return,30,5,184,2025-08-15T00:00:00,-0.018390588462352753,True
relative_return,31,1,185,2025-08-18T00:00:00,0.0052127959206700325,True
relative_return,31,2,186,2025-08-19T00:00:00,-0.004501538351178169,True
relative_return,31,3,187,2025-08-20T00:00:00,-0.013502683490514755,True
relative_return,31,4,188,2025-08-21T00:00:00,-0.017517926171422005,True
relative_return,31,5,189,2025-08-22T00:00:00,-0.013737141154706478,True
relative_return,32,1,190,2025-08-25T00:00:00,-0.003129131393507123,True
relative_return,32,2,191,2025-08-26T00:00:00,-0.008980528451502323,True
relative_return,32,3,192,2025-08-27T00:00:00,-0.010002117604017258,True
relative_return,32,4,193,2025-08-28T00:00:00,-0.016455847769975662,True
relative_return,32,5,194,2025-08-29T00:00:00,-0.02207702025771141,True
relative_return,33,1,195,2025-09-02T00:00:00,0.000369771383702755,True
relative_return,33,2,196,2025-09-03T00:00:00,-0.004659930244088173,True
relative_return,33,3,197,2025-09-04T00:00:00,0.0026709940284490585,True
relative_return,33,4,198,2025-09-05T00:00:00,-0.013782852329313755,True
relative_return,33,5,199,2025-09-08T00:00:00,-0.001482420600950718,True
relative_return,34,1,200,2025-09-09T00:00:00,0.004090040922164917,True
relative_return,34,2,201,2025-09-10T00:00:00,-0.016769560053944588,True
relative_return,34,3,202,2025-09-11T00:00:00,0.00870790146291256,True
relative_return,34,4,203,2025-09-12T00:00:00,0.008008717559278011,True
relative_return,34,5,204,2025-09-15T00:00:00,0.006723249331116676,True
relative_return,35,1,205,2025-09-16T00:00:00,-0.00618352647870779,True
relative_return,35,2,206,2025-09-17T00:00:00,-0.02229619398713112,True
relative_return,35,3,207,2025-09-18T00:00:00,0.003372916951775551,True
relative_return,35,4,208,2025-09-19T00:00:00,0.0014327103272080421,True
relative_return,35,5,209,2025-09-22T00:00:00,-0.0046537527814507484,True
relative_return,36,1,210,2025-09-23T00:00:00,-0.0014041448011994362,True
relative_return,36,2,211,2025-09-24T00:00:00,-0.012590944766998291,True
relative_return,36,3,212,2025-09-25T00:00:00,0.009452642872929573,True
relative_return,36,4,213,2025-09-26T00:00:00,0.0076886629685759544,True
relative_return,36,5,214,2025-09-29T00:00:00,-0.00017624814063310623,True
relative_return,37,1,215,2025-09-30T00:00:00,0.003615296445786953,True
relative_return,37,2,216,2025-10-01T00:00:00,-0.009616008028388023,True
relative_return,37,3,217,2025-10-02T00:00:00,0.013004850596189499,True
relative_return,37,4,218,2025-10-03T00:00:00,0.014798929914832115,True
relative_return,37,5,219,2025-10-06T00:00:00,0.00797423254698515,True
relative_return,38,1,220,2025-10-07T00:00:00,0.008413869887590408,True
relative_return,38,2,221,2025-10-08T00:00:00,-0.007544171065092087,True
relative_return,38,3,222,2025-10-09T00:00:00,0.010524598881602287,True
relative_return,38,4,223,2025-10-10T00:00:00,0.01504545845091343,True
relative_return,38,5,224,2025-10-13T00:00:00,0.006634093821048737,True
relative_return,39,1,225,2025-10-14T00:00:00,0.007179622538387775,True
relative_return,39,2,226,2025-10-15T00:00:00,-0.009265795350074768,True
relative_return,39,3,227,2025-10-16T00:00:00,0.002381652593612671,True
relative_return,39,4,228,2025-10-17T00:00:00,0.010175565257668495,True
relative_return,39,5,229,2025-10-20T00:00:00,0.004210012033581734,True
relative_return,40,1,230,2025-10-21T00:00:00,0.006056608632206917,True
relative_return,40,2,231,2025-10-22T00:00:00,-8.473172783851624e-05,True
relative_return,40,3,232,2025-10-23T00:00:00,0.014571622014045715,True
relative_return,40,4,233,2025-10-24T00:00:00,0.013180911540985107,True
relative_return,40,5,234,2025-10-27T00:00:00,0.002190239727497101,True
relative_return,41,1,235,2025-10-28T00:00:00,0.001447584480047226,True
relative_return,41,2,236,2025-10-29T00:00:00,0.0014096889644861221,True
relative_return,41,3,237,2025-10-30T00:00:00,0.011880828067660332,True
relative_return,41,4,238,2025-10-31T00:00:00,0.010179252363741398,True
relative_return,41,5,239,2025-11-03T00:00:00,0.0013854708522558212,True
relative_return,42,1,240,2025-11-04T00:00:00,0.011421017348766327,True
relative_return,42,2,241,2025-11-05T00:00:00,-0.006736472249031067,True
relative_return,42,3,242,2025-11-06T00:00:00,0.011774925515055656,True
relative_return,42,4,243,2025-11-07T00:00:00,0.01652960292994976,True
relative_return,42,5,244,2025-11-10T00:00:00,-0.008841057308018208,True
relative_return,43,1,245,2025-11-11T00:00:00,0.01513997558504343,True
relative_return,43,2,246,2025-11-12T00:00:00,-0.0028639528900384903,True
relative_return,43,3,247,2025-11-13T00:00:00,0.002329126000404358,True
relative_return,43,4,248,2025-11-14T00:00:00,0.01821460761129856,True
relative_return,43,5,249,2025-11-17T00:00:00,0.002648286521434784,True
relative_return,44,1,250,2025-11-18T00:00:00,0.005400464870035648,True
relative_return,44,2,251,2025-11-19T00:00:00,0.007388599216938019,True
relative_return,44,3,252,2025-11-20T00:00:00,0.014567160978913307,True
relative_return,44,4,253,2025-11-21T00:00:00,0.015378371812403202,True
relative_return,44,5,254,2025-11-24T00:00:00,0.009709127247333527,True
relative_return,45,1,255,2025-11-25T00:00:00,0.002090740017592907,True
relative_return,45,2,256,2025-11-26T00:00:00,0.005274580791592598,True
relative_return,45,3,257,2025-11-28T00:00:00,0.010979067534208298,True
relative_return,45,4,258,2025-12-01T00:00:00,0.015722457319498062,True
relative_return,45,5,259,2025-12-02T00:00:00,0.01557095069438219,True
relative_return,46,1,260,2025-12-03T00:00:00,0.007150417193770409,True
relative_return,46,2,261,2025-12-04T00:00:00,0.004701683297753334,True
relative_return,46,3,262,2025-12-05T00:00:00,0.014877932146191597,True
relative_return,46,4,263,2025-12-08T00:00:00,0.019951513037085533,True
relative_return,46,5,264,2025-12-09T00:00:00,0.010750996880233288,True
relative_return,47,1,265,2025-12-10T00:00:00,-0.0055560460314154625,True
relative_return,47,2,266,2025-12-11T00:00:00,-0.016547178849577904,True
relative_return,47,3,267,2025-12-12T00:00:00,0.011202767491340637,True
relative_return,47,4,268,2025-12-15T00:00:00,0.018567726016044617,True
relative_return,47,5,269,2025-12-16T00:00:00,0.005030008964240551,True
relative_return,48,1,270,2025-12-17T00:00:00,-0.0002474561333656311,True
relative_return,48,2,271,2025-12-18T00:00:00,-0.009565237909555435,True
relative_return,48,3,272,2025-12-19T00:00:00,0.01389477588236332,True
relative_return,48,4,273,2025-12-22T00:00:00,0.03421406075358391,True
relative_return,48,5,274,2025-12-23T00:00:00,0.024858426302671432,True
relative_return,49,1,275,2025-12-24T00:00:00,-0.007859781384468079,True
relative_return,49,2,276,2025-12-26T00:00:00,-0.015337621793150902,True
relative_return,49,3,277,2025-12-29T00:00:00,0.01589648239314556,True
relative_return,49,4,278,2025-12-30T00:00:00,0.03294391185045242,True
relative_return,49,5,279,2025-12-31T00:00:00,0.029328718781471252,True
