source,published_path,status,reason,bytes,sha256
README.md,README.md,published,,11869,30a633a668d73618666cd63f29ace6505e5f02861cf598b8073e05e7c22e6fe7
analysis_metadata.json,analysis_metadata.json,published,,744,97a0a3376d4976ce45543803d8a1e10a749889e4aa3b3d74cfd065f83d57be9d
artifact_manifest.csv,artifact_manifest.csv,published,,7140,5b3e0eb8595a4a0d5b63b252fb9c62d7f6c25f424d20f1ff657d8ebe9b3a01ea
data/all_runs_tidy.csv,data/all_runs_tidy.csv,published,,85105,f647d6b1a45987c152803435a79268a1db9b6bb67fe77b9f0ee76181c869d374
data/configuration_inventory.csv,data/configuration_inventory.csv,published,,2016,9ec56feea54a8899663679b513902f03a012a06ceb930015b94e70094896a274
data/coverage_summary.csv,data/coverage_summary.csv,published,,348,8100e68e1dc46e043df984cc56e1ed11ac31c99d420960da42f3a1326977d42b
data/horizon_metrics.csv,data/horizon_metrics.csv,published,,3184,e412dd683592c764bf55c04675ba08dca9e4caada93135548ef8c1a60eb9e5d4
data/missing_runs.csv,data/missing_runs.csv,published,,63,e74816317dece7c2b29cca8ca05df70157e17c7c050b95a39b4868deb9f71961
data/overall_summary.csv,data/overall_summary.csv,published,,824,848cc81acbfb46411089c93a776b9bf0ba0606a0892c62a292f0643063b0bb46
data/paired_run_differences.csv,data/paired_run_differences.csv,published,,21475,9e87ee006d0371242503b83ee60e89d9b1cf658dfc5ce8cf0e717f3ea50b1cfd
data/paired_shared_vs_local.csv,data/paired_shared_vs_local.csv,published,,70,43b32765eeb7e467975eddd0e7db14124210f2c5a737ff55eeee36d113e21f9e
data/paired_stock_differences.csv,data/paired_stock_differences.csv,published,,665,fa32fde5235274095321c9eb5cf5cfb56fb8a027c8ddb5dabf7afbba937038b8
data/paired_vs_naive.csv,data/paired_vs_naive.csv,published,,592,c60a99bd06834dc13011617d6f9cbf8a65ead5ab4330ac9ca0e265c38f9758fc
data/predictions_tidy.csv,data/predictions_tidy.csv,published,,1973442,092a2afa5bbcb638b097fc6b94c3f56597854e12e901a15cf30f21b9ae6b43b1
data/relative_performance_by_stock.csv,data/relative_performance_by_stock.csv,published,,893,6d9de73c351e61f1ae739823b6705847e9616ff70191df1a2cc679d4bed8ec50
data/run_inventory.csv,data/run_inventory.csv,published,,99977,089bbb34e930be15aa369deef6117360dedc34a69f8e5a5106e41e679279f511
data/stock_summary.csv,data/stock_summary.csv,published,,2030,14ab4edb0ce8c95a819dbcd7a18dc5d0904ecac0626a759882bde92aa2f9094f
figures/diagnostics/diagnostic_downstream_training_loss.pdf,figures/diagnostics/diagnostic_downstream_training_loss.pdf,published,,25558,382bbf36015b35ba4b7239b24e9fbfbb14f22e67338e5f783638ce2bf258c7cb
figures/diagnostics/diagnostic_downstream_training_loss.png,figures/diagnostics/diagnostic_downstream_training_loss.png,published,,147586,2676b63ea98440e16a6cd875613283c1fd8dcfcd20309b600c19b5759e7a9bb7
figures/diagnostics/diagnostic_downstream_validation_rmse.pdf,figures/diagnostics/diagnostic_downstream_validation_rmse.pdf,published,,26568,3e8b926f20d970ee444508a7023a7f1727d6de74b5a957e621398f845065bdde
figures/diagnostics/diagnostic_downstream_validation_rmse.png,figures/diagnostics/diagnostic_downstream_validation_rmse.png,published,,212053,c22020e27b546f4e624e97524692958d43bb6a3680edb2611ed9ce9f48e1911c
figures/fig_direction_accuracy_heatmap.pdf,figures/fig_direction_accuracy_heatmap.pdf,published,,19040,c12fba8045633448d0ace974cf21e39289530de5f6d3090e93ebdaeca1fe6ef9
figures/fig_direction_accuracy_heatmap.png,figures/fig_direction_accuracy_heatmap.png,published,,151996,e80ff727aa355cf75da7050d2ab24b124fe1f81ff5699569aa9a6a698b84f1bf
figures/fig_direction_by_horizon.pdf,figures/fig_direction_by_horizon.pdf,published,,17032,4fecad3716bc09ef8857b2afdebab5dcde971c04c2e4c3ff8b0cd0ae21feb047
figures/fig_direction_by_horizon.png,figures/fig_direction_by_horizon.png,published,,128839,d99f72a9427ccfcb13cf5c58c3b76900ea1165e6c64f8fbe5bfe4e2f1c3c5569
figures/fig_paired_rmse_forest.pdf,figures/fig_paired_rmse_forest.pdf,published,,16727,44772dddd6b2595565abecfbc788fe0ced2047b0a429a5e5d4cbf4de6a864110
figures/fig_paired_rmse_forest.png,figures/fig_paired_rmse_forest.png,published,,106679,e64362c524b930f1b038a916f1ac06d329682e5313f75c38a24478b8c3e45ca6
figures/fig_relative_rmse_heatmap.pdf,figures/fig_relative_rmse_heatmap.pdf,published,,27964,14d3da178ebff6861d81eb175fb7f25aff03bbef6fa52ef024d0e486fe41b90f
figures/fig_relative_rmse_heatmap.png,figures/fig_relative_rmse_heatmap.png,published,,149003,e4c2a6d97b6fdd26161e6d64e13746c57bf569fc4aeda98b679fc26907ab401b
figures/fig_rmse_by_horizon.pdf,figures/fig_rmse_by_horizon.pdf,published,,17321,37ded5ceaef6ca24e31d575780299b76056ed6ebafeb0bdfeaf75b2c627d288b
figures/fig_rmse_by_horizon.png,figures/fig_rmse_by_horizon.png,published,,155537,2b308953b89fdc44727b6535513d81c1503fc039e8a6ef2cf5631ea45e4fba49
figures/fig_seed_level_delta_rmse_distribution.pdf,figures/fig_seed_level_delta_rmse_distribution.pdf,published,,14706,e44ed0e9435b13b7bc39736c0b1e83607d07704ea540b552abc19164eab83653
figures/fig_seed_level_delta_rmse_distribution.png,figures/fig_seed_level_delta_rmse_distribution.png,published,,100070,99670a9a1995e2da422e3e1e5fb72843e3749c46b2b64d8402134c2dbd9ec5d6
tables/table_appendix_stock_metrics.csv,tables/table_appendix_stock_metrics.csv,published,,2030,14ab4edb0ce8c95a819dbcd7a18dc5d0904ecac0626a759882bde92aa2f9094f
tables/table_appendix_stock_metrics.tex,tables/table_appendix_stock_metrics.tex,published,,2051,25807d3fe9625db134f9c820b888422322602437c4340989f1f2d8202509ef7f
tables/table_main_metrics.csv,tables/table_main_metrics.csv,published,,824,848cc81acbfb46411089c93a776b9bf0ba0606a0892c62a292f0643063b0bb46
tables/table_main_metrics.tex,tables/table_main_metrics.tex,published,,1098,65cf5e0c3e5ab88024567d20e6222bf4a4e4d967cd2452f6abe24a58da2ff3ad
tables/table_paired_vs_naive.csv,tables/table_paired_vs_naive.csv,published,,592,c60a99bd06834dc13011617d6f9cbf8a65ead5ab4330ac9ca0e265c38f9758fc
tables/table_paired_vs_naive.tex,tables/table_paired_vs_naive.tex,published,,673,49a85baa71a3f19f0dc6dd216a76aa20f89249868362a07f2a4e5a47e5cb90f3
tables/table_reproducibility.tex,tables/table_reproducibility.tex,published,,2042,75f75a88e5542fcdacbd4fe7fb03920d68a3daf5eb6412e01e200c18034a5f7a
configured experiment file,provenance/experiment_config.json,published,provenance,2910,6ab112859374f521c53d412a738733f64efb0ceb794ea0c17fae003f128ebbcd
runtime experiment manifest,provenance/experiment_manifest.json,published,provenance,4003,78bc0fec26c95540d065d0bfb91668cee6c0bd48a6402e76914c1fb9f1f5f5c3
